CustomerID,FirstName,LastName,Email,Phone,Address,CompanyName,JoinDate
CUST-000001,Julie,Freeman,mcdanielelizabeth@example.net,9476913946,"319 Stewart Mountain, New Diana, PA 16715",,2024-01-25
CUST-000002,Monica,Jenkins,williamdavis@example.org,001-358-325-1511x556,"0019 Carol Crescent, Johnsonmouth, MT 97629",,2024-01-26
CUST-000003,Brian,Foley,elizabeth39@example.com,978.878.0476,"506 Denise Loop Apt. 645, West Karen, CO 51790",,2024-01-01
CUST-000004,Vicki,Miller,vanessa65@example.org,(312)633-8108x106,"554 Sexton Canyon, Burnsborough, MT 53736",,2024-01-04
CUST-000005,Steven,Little,kevinmorales@example.net,660.926.2957,"64023 Knapp Glen, Lake Samuel, FL 52856",Tyler-Evans,2024-01-08
CUST-000006,Bruce,Carr,achan@example.org,425.356.8436x3336,"848 Carroll Locks, Port Benjaminchester, PA 28340",,2024-01-26
CUST-000007,Tammy,Thomas,simmonskelly@example.com,(868)958-0377x8095,"2897 Todd Street Suite 701, New Karla, DC 02180",Jones PLC,2024-01-26
CUST-000008,Marissa,Reynolds,douglasroberts@example.org,001-923-684-5907x69874,"946 Nicole Branch Suite 115, Port Kaylatown, KY 18466",,2024-01-15
CUST-000009,Natalie,Williams,kelleyjerry@example.org,+1-250-588-4513,"022 Ramirez Stravenue Apt. 077, Lake Brittanyport, CO 60973",,2024-01-18
CUST-000010,Michael,Brown,nfisher@example.org,(588)487-6599x497,"29420 Hernandez Parkway, Reedchester, ID 91835",,2024-01-22
CUST-000011,John,Foster,julie75@example.net,790.617.4676,"55487 Kyle Orchard, New Jorgestad, WY 56867",,2024-01-27
CUST-000012,Carol,Yu,nmorgan@example.org,(920)344-9433x2234,"9768 Dean Branch Suite 118, North John, WA 45632",,2024-01-19
CUST-000013,Lee,Glenn,lauren12@example.org,652.656.2987,"369 Jarvis Walks Suite 102, Georgefort, FL 22079",,2024-01-11
CUST-000014,David,Hodges,zlewis@example.org,546-649-8447,"57068 Jason Falls Apt. 178, Branchmouth, OR 86717",,2024-01-03
CUST-000015,Jacob,Morris,luismartin@example.org,9464535203,"792 Johnson Locks Apt. 419, Wardborough, NV 88247",,2024-01-25
CUST-000016,Gregory,Velez,baileyamanda@example.com,+1-637-783-6070,"8576 Jordan Hollow Suite 483, Mccarthyview, AK 85574","Spencer, Lane and Serrano",2024-01-25
CUST-000017,Seth,Grant,irwinbrandy@example.com,(895)353-3309,"0680 Sharp Mews, West Tamifort, AZ 66504",,2024-01-23
CUST-000018,Sean,Martin,brownjohn@example.org,728-980-7223x6340,"5639 George Plains, East Stevenville, GA 39656",,2024-01-25
CUST-000019,Andrew,Ruiz,alyssaortiz@example.org,535-696-4384x34086,"78261 Zachary Course Apt. 780, East Rebecca, SD 66288",,2024-01-10
CUST-000020,Justin,Gonzalez,heather63@example.net,799-943-9761,"85339 Richardson Gateway Apt. 195, Port Alice, OH 52747",,2024-01-07
CUST-000021,Michael,Richards,wroberts@example.net,614-544-8682x7599,"38904 Anna Trail Apt. 284, New Jasonshire, AK 07898",,2024-01-17
CUST-000022,Jacqueline,Sanchez,carolineallen@example.net,(509)382-4530x562,"357 Hoffman Wells, Davisview, OR 01452",,2024-01-14
CUST-000023,Elizabeth,Rogers,anna53@example.net,653-727-0061x736,"992 Hall Walk Suite 571, East Chasechester, NC 82048",Castro Ltd,2024-02-11
CUST-000024,Garrett,Scott,millerchristopher@example.com,773.316.6339x4895,"1876 Harrison Greens Suite 342, Jacobview, TN 44243",,2024-02-15
CUST-000025,Joshua,Baker,gonzalezdana@example.org,(292)522-6800,"148 Joshua Meadow Apt. 141, Lake Patricia, MI 69793",,2024-02-06
CUST-000026,Linda,Young,nixoncaleb@example.org,587.699.4469x34871,"709 Schultz Roads Apt. 167, New Carlland, NE 73418",,2024-02-01
CUST-000027,Travis,Vasquez,dfrank@example.org,808-322-0994,"62258 Rodriguez Groves, South Bruceburgh, PA 15181",,2024-02-19
CUST-000028,Angela,Patrick,martha97@example.com,+1-811-905-3858x8270,"46683 Henry Field Suite 545, South Josephfort, WA 16101",,2024-02-27
CUST-000029,Jay,Munoz,brandi24@example.com,(763)275-7455,"985 Maldonado Court, South Tina, DE 65243",,2024-02-15
CUST-000030,Tyler,Glass,pamela29@example.com,(453)701-8956,"98028 Andrea Point Suite 317, East Gregory, HI 83530",,2024-02-01
CUST-000031,Audrey,King,millertammy@example.net,001-979-820-0668x5920,"970 Drew Parkway, Hannahburgh, MO 96071",,2024-02-11
CUST-000032,Christian,Davis,vking@example.org,417-355-4825x122,"528 Jacobs Crossroad Apt. 253, South Edward, PR 76174",,2024-02-17
CUST-000033,Jose,Bray,david91@example.org,720.913.4434x85483,"10344 Terrence Mountain, Port Isaac, KS 11993",,2024-02-13
CUST-000034,Matthew,Baker,kendrakelly@example.org,(519)274-9837x65998,"06841 Collins Creek, West David, CO 84926",,2024-02-22
CUST-000035,Hailey,Rodriguez,zrojas@example.org,2282346539,"4177 Alvarez Bypass Suite 454, New Brett, DE 72669",,2024-02-11
CUST-000036,Loretta,Hayes,mckenziejessica@example.com,+1-782-800-1522x5644,"467 Emily Keys, Taylorside, AR 32027",,2024-02-02
CUST-000037,Barbara,Stewart,bryantlaura@example.com,001-777-724-2856x73252,"90490 Nicholas Way Suite 804, West Kimberly, MT 60461",,2024-02-06
CUST-000038,Julie,Ortega,karenowens@example.com,(500)909-8040,"099 Pierce Hills, North Ashleyborough, FL 65884",,2024-02-26
CUST-000039,Joshua,Graham,michael28@example.org,+1-875-977-1272x9286,"84316 Bobby Track, Marshallside, MH 64789",,2024-02-02
CUST-000040,Diana,Scott,troywoods@example.net,8413701048,"28073 Sandra Island Apt. 782, East Trevorton, ME 08166",,2024-02-05
CUST-000041,Rachel,Nicholson,yhuffman@example.net,676-911-8265,"41568 Christopher Squares Suite 815, South Brittney, OR 93728",,2024-02-01
CUST-000042,Margaret,Wright,ihess@example.org,+1-689-574-3897,"572 Craig Lake Apt. 297, Port Angelahaven, KS 91519",,2024-02-27
CUST-000043,Amanda,Kennedy,zbarnes@example.com,662-787-3788x6195,"96557 Toni Stravenue, North Lisaborough, DE 66359",,2024-02-09
CUST-000044,Colleen,Webb,alexanderwilliam@example.net,4996274298,"71670 Jeremy Mills Suite 637, South Troy, WY 03703",,2024-02-07
CUST-000045,Zachary,Ramirez,angelica07@example.net,4122419011,"8869 Hanna Locks Apt. 825, West Melissatown, WV 82352",,2024-02-17
CUST-000046,Alexandria,Ramos,wknox@example.com,285-228-3819x259,"1144 Hill Estate Apt. 633, East Caitlyn, NY 03245",,2024-02-21
CUST-000047,David,Powell,emma71@example.net,(592)497-4301x7371,"62559 Farmer Extensions, West Denise, ID 17380",,2024-02-19
CUST-000048,Brandy,Riley,hamiltonmichael@example.org,587.978.1930,"69815 Kendra Harbors Suite 830, East Joseph, NE 49623",,2024-02-05
CUST-000049,Julie,Knapp,thompsongilbert@example.org,001-438-471-8674,"451 Davis Flats Apt. 940, South Sandrabury, SD 02292",,2024-02-28
CUST-000050,Stephen,Smith,john30@example.org,447.305.4481,"386 Dixon Field, Jacksonhaven, MT 79466",,2024-02-19
CUST-000051,Dalton,Rivas,anna52@example.net,(607)323-1437x6026,"321 Taylor Pike, Nicoleburgh, NJ 44433",,2024-02-21
CUST-000052,Bradley,Bailey,pgutierrez@example.net,8217091216,"68436 Bartlett Square Suite 364, West Lisa, KY 54108",,2024-02-25
CUST-000053,Barbara,Wolfe,smoore@example.net,+1-565-905-5029x924,"180 Thompson Ramp, Aprilport, IA 33716",,2024-02-18
CUST-000054,Peter,Skinner,zsmith@example.org,3282253806,"81879 Bennett Island Suite 887, South Dominic, NY 37022",,2024-02-08
CUST-000055,Miguel,Gonzalez,markgutierrez@example.com,570.575.6736x61813,"6462 Christine Path Suite 117, Port Kayla, NV 57451",Patterson-Li,2024-02-09
CUST-000056,Christine,Bradley,deanna22@example.com,867-814-9677,"7628 Pamela Station Apt. 326, Lake Hannah, NC 83991",,2024-02-12
CUST-000057,Tammy,Miller,rbond@example.org,(861)235-7033,"43739 Taylor Courts Apt. 119, West Gabriel, VA 33508",,2024-02-01
CUST-000058,Brandon,Snyder,luke82@example.org,+1-817-532-6635,"8821 Christopher Bypass, Matthewston, IN 96097",,2024-02-09
CUST-000059,Christopher,Murray,jessica75@example.net,533-815-5263x811,"83937 Yu Corner Suite 293, South Philip, OR 18390",,2024-02-16
CUST-000060,Susan,Harvey,morganjoseph@example.org,+1-937-426-6866x731,"0696 Morgan Place Apt. 912, East Michele, NY 92797",,2024-02-16
CUST-000061,David,Tran,hollowaydanielle@example.net,(846)799-3468,"545 Brendan Unions Apt. 043, Darleneshire, AZ 94902",,2024-02-16
CUST-000062,Deanna,Sullivan,dhernandez@example.com,506.951.2824x3172,"9906 Parker Ford Suite 345, Breannamouth, VI 45183",,2024-02-27
CUST-000063,Thomas,Livingston,howardana@example.com,001-357-464-3282x58225,"623 Price Ranch Suite 745, Castrofort, AS 07484","Rogers, Michael and Jones",2024-02-23
CUST-000064,Aaron,Oliver,william76@example.org,001-562-428-7914,"3536 Dixon Junction Apt. 618, Port Jacobstad, UT 85691",Christian Inc,2024-02-17
CUST-000065,Melissa,Wolf,mrichardson@example.com,578.467.7691,"46720 Johnson Lake, Sanchezbury, VT 42591",Kelly-Hernandez,2024-02-01
CUST-000066,Brian,Wright,smithlauren@example.org,326-800-0603x0629,"4875 Byrd Stravenue Apt. 124, Matthewport, VI 20311",Case-Holder,2024-02-26
CUST-000067,Aaron,Lewis,alyssa91@example.org,(705)755-6398x635,"468 Heidi Islands, Leehaven, AZ 06940",Fuller-Willis,2024-02-15
CUST-000068,Sheila,Davis,thompsonbrandon@example.com,906.829.2742x61440,"00266 Sarah Expressway, Lake Bryan, WI 36182","Williams, Mitchell and Gonzalez",2024-02-07
CUST-000069,Grace,Thomas,gordonlaurie@example.net,001-885-501-6729x9021,"129 Levine Crossing Apt. 627, Mayberg, DE 52182",,2024-02-19
CUST-000070,Lisa,Marks,bryantheidi@example.net,001-853-877-3226x5989,"738 Steven River Suite 057, Gilesbury, RI 16238",,2024-02-21
CUST-000071,Edward,Reyes,daniel46@example.com,+1-251-714-4730x1781,"5213 Megan Tunnel, West Christinafort, NY 66029",,2024-02-15
CUST-000072,Hannah,Campos,suarezbrandi@example.org,+1-702-527-6081,"021 Haney Mount, Ortizhaven, IL 08484",,2024-02-01
CUST-000073,Leslie,Sparks,baileycarla@example.com,342.949.4712,"025 Norman Lights Suite 878, Edwardstown, NJ 45258",,2024-02-25
CUST-000074,Mercedes,Mckenzie,orichards@example.org,935.844.0946,"476 Roy Parks Suite 470, Kellyhaven, MD 72877",,2024-02-24
CUST-000075,Kristen,Barnes,randymathews@example.com,+1-559-282-3793x88323,"27314 Vance Cliff, South Danielle, MP 08504",,2024-03-18
CUST-000076,Jessica,Cunningham,stewarttina@example.net,(425)232-0620x29943,"737 Brian Drive Apt. 151, Walkerhaven, FM 18894",,2024-03-18
CUST-000077,Courtney,Wright,marissageorge@example.org,001-752-731-8268x20924,"8642 Villanueva Center, Elaineberg, FM 25534",,2024-03-27
CUST-000078,Andrew,Wilson,chadwall@example.org,(968)484-5309x05994,"266 Connie Circles, Caseystad, ID 09097",,2024-03-24
CUST-000079,Tony,Brooks,navarrojennifer@example.org,001-328-911-4075x39265,"5179 Reese Causeway Apt. 387, Lake Melinda, AR 09939",,2024-03-20
CUST-000080,Anthony,Allen,austinkathryn@example.org,+1-827-789-3367,"83603 Harrington Key, West Thomas, MI 82046",,2024-03-21
CUST-000081,Michael,Henry,brewersusan@example.net,(304)777-5744x29796,"3685 Glenda Passage, New Michael, VT 52334",,2024-03-24
CUST-000082,Billy,Hopkins,kpineda@example.org,+1-737-443-7132x892,"81686 Collier Highway, Port Patrickview, VI 80639",,2024-03-11
CUST-000083,Aaron,Rosales,tonywilliams@example.net,317-739-3757x983,"384 Smith Terrace, Thomasfort, KS 24216",,2024-03-04
CUST-000084,Deborah,Moreno,christopher15@example.com,3535270388,"9660 Jason Branch, Lake Laura, MI 10668",Trujillo Inc,2024-03-19
CUST-000085,Tammy,Hill,douglaspeters@example.com,826.389.3062x7298,"91674 Lisa Harbor Suite 721, Atkinsonton, TN 53362",,2024-03-22
CUST-000086,Anna,Watson,wbrown@example.net,768.420.5529x185,"1034 Rose Light Suite 505, Hernandezbury, TN 37810",,2024-03-19
CUST-000087,Victor,Willis,nathan60@example.net,001-990-583-4652x890,"453 Dalton Plains, Jeffreytown, NE 25264",,2024-03-07
CUST-000088,Emily,Hays,sandersjacob@example.net,610-519-7093,"02744 King Coves, East Samueltown, OK 88891",,2024-03-22
CUST-000089,Carly,Walker,keithmartinez@example.com,616-814-0930,"74048 Lisa Point, Frankshire, PW 45261",,2024-03-13
CUST-000090,James,Price,hughesrobert@example.com,(677)760-4334x1370,"016 Diana Trafficway Apt. 973, South Jessica, SD 23191",May and Sons,2024-03-18
CUST-000091,Jessica,Berg,rhodesnichole@example.org,+1-744-869-2906x6076,"41937 Lamb Mountains, South Erika, NV 68811",,2024-03-28
CUST-000092,Angela,Howell,xgomez@example.net,001-455-935-4294x97601,"5548 Hayes Estate, South Maurice, HI 30987",,2024-03-21
CUST-000093,Ruth,Floyd,krollins@example.net,631-877-1647x9185,"8722 Danielle Spring, Branchfort, AZ 13957",,2024-03-29
CUST-000094,Michaela,Bowman,hreilly@example.org,502.212.2781x9523,"94597 Snyder Gardens, Esparzaville, GA 57342",,2024-03-16
CUST-000095,Judy,Watkins,williamsjoseph@example.net,(569)401-5779x3622,"369 Turner Course Suite 109, Moyershire, MO 12643",,2024-03-21
CUST-000096,Donna,Webb,tammy07@example.net,001-795-366-8314,"4562 Castillo Creek, Hufffurt, MT 14127",,2024-04-27
CUST-000097,Christine,Adams,diane43@example.org,+1-591-449-5454x035,"1882 Glover Throughway, West Amandafurt, NH 34005",,2024-04-04
CUST-000098,Joseph,Bailey,ysmith@example.com,5936052706,"75648 Robin Stravenue Apt. 560, Rojasside, WI 21474",,2024-04-27
CUST-000099,Amanda,Nolan,cindy51@example.com,967-426-1896x169,"74979 Wendy Plains, South Tina, TN 28241",,2024-04-10
CUST-000100,Nathan,Ritter,megan43@example.com,001-773-333-7307x622,"296 Curtis Summit Suite 264, North William, ND 79861",,2024-04-07
CUST-000101,Kayla,Trujillo,felicia03@example.com,367.861.7061x7520,"215 John Shore Suite 072, Walterbury, TN 32828",,2024-04-11
CUST-000102,Lisa,Cardenas,antonioroberts@example.net,522-201-1140x5355,"6988 Marshall Oval, Matthewtown, NV 79373",,2024-04-21
CUST-000103,Erin,Willis,ibolton@example.net,+1-500-568-1462x9688,"284 Heather Prairie Suite 194, Lake Lisa, OH 31847",,2024-04-21
CUST-000104,Angela,Suarez,sarahmorgan@example.com,(280)303-6791x82372,"4748 Holly Ville Suite 029, Reynoldston, CO 32761",,2024-04-15
CUST-000105,Raymond,Mcmahon,scottjulia@example.net,001-625-204-2447x105,"54620 Nelson Plaza, New Michael, AZ 66841",,2024-04-14
CUST-000106,Gregory,Sullivan,rgarrett@example.org,001-994-687-3353,"76112 James Crescent Suite 228, Kyleville, MP 48554",,2024-04-25
CUST-000107,Beth,Freeman,winterstimothy@example.com,958-500-8990x0519,"7498 Jackson Inlet, South Hayden, DC 35422",,2024-04-29
CUST-000108,Joshua,Taylor,dturner@example.net,(716)838-3812,"710 Raven Springs Apt. 775, West Nicole, AL 19725",,2024-04-12
CUST-000109,Emily,Bruce,sharpkathryn@example.net,823.834.7693x699,"3864 Matthew Stream Apt. 677, East Larryfort, KY 36158",,2024-04-20
CUST-000110,Anthony,Mcintyre,cunninghammichael@example.net,(978)494-1666x705,"217 Christy Prairie Suite 273, Amandaborough, WI 38420",,2024-04-07
CUST-000111,Lisa,Warren,hartalicia@example.com,9172820359,"95318 Fischer Rapid Suite 711, South Melanie, NV 90446",,2024-04-05
CUST-000112,Deborah,Washington,qperez@example.org,(933)983-9485,"96702 Gutierrez Manors, Ayalahaven, UT 35137",,2024-04-21
CUST-000113,Terri,Harding,ncruz@example.com,523-389-5174,"55253 Charles Islands Suite 162, Lindseyside, MP 48075",Ward-Price,2024-04-06
CUST-000114,Zoe,Johnson,nathan51@example.org,243.707.0914x01801,"96878 Jennifer Garden Suite 173, Figueroastad, IL 47835",,2024-04-15
CUST-000115,Maria,Cole,henry13@example.net,+1-904-862-9463,"322 Kenneth Rue Suite 695, South Ricky, MS 84745",,2024-04-26
CUST-000116,Kristen,Flores,margaretjames@example.net,496.982.9213,"127 Choi Grove Apt. 854, West Kathyberg, WA 93814",,2024-04-30
CUST-000117,Christina,Hamilton,svaldez@example.com,463.585.1882x60902,"57842 Mitchell Fork Suite 316, Juliemouth, IL 76831",,2024-04-08
CUST-000118,Derek,Lawson,fward@example.net,973.469.3365,"6992 Lewis Skyway, East Caleb, WA 77761","Erickson, Weaver and Foster",2024-04-26
CUST-000119,Jeffrey,Moore,steven34@example.com,001-911-849-4007x388,"450 Bauer Trace, Port Timothy, DC 13290",,2024-04-06
CUST-000120,Taylor,Holden,fbradley@example.com,(911)677-1403x402,"663 Daniels Tunnel, Lake Christopher, MA 47235",,2024-04-17
CUST-000121,Mary,Norton,jessica09@example.org,917.237.1834x18212,"2178 Russell Mountain, Wareshire, NV 78493",,2024-04-30
CUST-000122,Mark,Wright,benjamin09@example.org,001-903-542-3793x7300,"2732 Timothy Unions, Caitlinshire, DE 70723",,2024-04-16
CUST-000123,James,Roberts,kimjones@example.org,+1-987-469-7289x926,"78944 Lucero Squares Suite 662, East Zachary, KY 68044",,2024-04-14
CUST-000124,Mark,Johnston,michael99@example.org,(439)734-0743,"708 Jim Land, North Tammyshire, LA 19565",,2024-04-13
CUST-000125,Ashley,Fields,uday@example.com,722-505-2670x0936,"36793 Strickland Road Apt. 027, Timshire, AR 42074",,2024-04-02
CUST-000126,Eric,Deleon,jmack@example.org,926.850.2371x69737,"259 Jones Shores Suite 875, Alexland, GA 51320",,2024-04-09
CUST-000127,Nicholas,Jacobson,blakeanderson@example.org,(323)239-3288,"96875 Gould Cove, Gonzalezton, ME 81435",,2024-04-20
CUST-000128,Thomas,Smith,eford@example.com,001-493-216-8028x0789,"53945 White Roads Suite 649, Timothyfurt, CT 14222",,2024-04-15
CUST-000129,Michele,Ellis,ostone@example.net,(733)544-5419,"273 Megan Flat Suite 296, Davidtown, AS 09766",,2024-04-12
CUST-000130,Angel,Lee,gregoryshepard@example.net,827-730-7903x690,"43526 Pitts Ranch Apt. 552, Edgarhaven, SD 90006",,2024-04-24
CUST-000131,Christine,Miranda,itorres@example.com,469-550-5831,"4485 Walker Squares Apt. 199, Roberttown, NC 35350",,2024-04-19
CUST-000132,Beth,Roth,dberry@example.org,001-822-874-5869,"5375 Cynthia Parks Suite 520, South Jenniferchester, NY 96570",,2024-04-08
CUST-000133,Hunter,Everett,zfowler@example.net,+1-818-317-3990x2396,"3374 Cain Falls Apt. 044, New Karlhaven, WI 12134",Newton Ltd,2024-04-30
CUST-000134,John,Reynolds,pageannette@example.net,001-911-650-9005x05852,"62732 Smith Locks Apt. 029, Brownville, OR 48681",,2024-04-09
CUST-000135,Scott,Yates,paynebrandon@example.net,+1-372-223-2715x540,"790 James Spurs Suite 288, Port Rebeccaburgh, OH 23227",,2024-04-30
CUST-000136,Vanessa,Alvarado,maureenstout@example.org,+1-889-454-4506x011,"84732 Park Pike Suite 512, New Derekview, NM 61834",,2024-04-27
CUST-000137,Michelle,Tanner,geraldcooper@example.org,802.214.1782,"471 Carter Canyon Apt. 309, Lake Kevinland, MS 43975",,2024-04-10
CUST-000138,Logan,Silva,amber94@example.com,224.632.3778,"3345 Matthew Meadow Suite 389, Torresfort, AZ 83566",,2024-04-19
CUST-000139,Jennifer,Nielsen,sandrews@example.net,340.322.3874,"92597 Thomas Rapids Suite 735, Hoganton, MP 04843",,2024-04-01
CUST-000140,Scott,Lopez,whiteadriana@example.com,695.252.8071,"77632 Melendez Turnpike Apt. 192, Patriciatown, OK 15305",,2024-04-05
CUST-000141,Mark,Nixon,ffranco@example.net,+1-273-453-8762x47026,"867 Woods Manors, Weeksshire, NM 06430",,2024-04-16
CUST-000142,Christine,Bullock,woodsalison@example.org,3695471178,"259 Kyle Parkways Apt. 264, Lake Jeffreymouth, IN 15686",,2024-04-24
CUST-000143,Nicholas,Dominguez,wilkinsbrandon@example.net,713.770.7301x250,"3290 Edwards Common, Port Timothy, KY 65010",,2024-04-26
CUST-000144,Rebecca,Thompson,cnichols@example.net,001-501-334-0183x24313,"092 Jordan Squares Suite 462, Parkstown, PW 89232",,2024-04-06
CUST-000145,Stephanie,Fields,irwinchristopher@example.org,392-861-3947,"9741 Jasmine Estate Suite 645, Coxfort, VT 47008",,2024-04-08
CUST-000146,Tara,Mooney,sellis@example.org,+1-353-298-8215x892,"04613 Smith Greens Suite 935, Amybury, ND 05694",,2024-04-15
CUST-000147,Robert,Cummings,alyssawoods@example.net,251-294-8537x5491,"0219 Saunders Path, Andrewton, WA 52897",,2024-04-08
CUST-000148,Jeffrey,Hall,amandamorris@example.com,001-731-923-6859x277,"070 Jenkins Causeway, Higginschester, IA 10820",,2024-05-07
CUST-000149,Christine,Robbins,elizabeth88@example.com,301.775.1455x99956,"79739 Stacy Lights Apt. 742, East Katelynfurt, GA 81803",,2024-05-12
CUST-000150,Amy,Cole,coxkevin@example.net,9503211361,"32577 Mayer Lane Apt. 017, Joshuashire, DC 22228","Myers, Thomas and Hall",2024-05-04
CUST-000151,Christopher,Hubbard,lidonna@example.net,9098058151,"91291 Kimberly Path Apt. 482, Millermouth, CT 46626",,2024-05-02
CUST-000152,John,Spencer,joycealan@example.com,(251)346-6670x5787,"139 Patricia Mill, Port Warrenhaven, MT 92516",,2024-05-17
CUST-000153,Mark,James,parkthomas@example.net,001-915-974-4356x88667,"5149 Holmes Route Apt. 612, West Cassandramouth, FL 18478",,2024-05-20
CUST-000154,Brittany,Phillips,allenholmes@example.org,833-248-7838,"9876 Cunningham Mall, Lake Mario, NY 46303",,2024-05-03
CUST-000155,Rachel,Moore,traceyduke@example.net,936-563-1573,"041 Dwayne Court Apt. 119, Chambersport, MO 91263",,2024-05-29
CUST-000156,Tony,Chapman,melissa09@example.com,672-789-3322,"80171 Jorge Mews, Williamsview, MH 36623",,2024-05-20
CUST-000157,Ebony,Huerta,crystalmartin@example.org,727-469-0329,"4141 Russell Run, East Staceyland, NV 82333",Cameron Group,2024-05-01
CUST-000158,Traci,Mack,julie57@example.org,+1-785-395-4563x5688,"266 Sarah Dam, South Mikaylaberg, KS 05436",,2024-05-01
CUST-000159,Daniel,Mora,hesterkeith@example.com,455.581.3735,"917 Farrell Mills Suite 882, New Kristenside, MD 31548",,2024-05-07
CUST-000160,Sandra,Flores,dianewhite@example.org,+1-221-403-8830x135,"34535 Stone Course Suite 545, East Shawn, NJ 40953",,2024-05-15
CUST-000161,Kyle,Jones,ryanjohnson@example.com,+1-410-527-4669x46749,"6287 Hanson Court Apt. 722, South Ann, TX 34005",,2024-05-19
CUST-000162,Charles,Crawford,hnelson@example.com,945.447.9322,"3898 Rachel Burgs, Juanville, WI 20317",,2024-05-10
CUST-000163,Nicholas,Adams,max97@example.net,523-412-8425x0615,"880 Douglas Locks Suite 005, Rodrigueztown, RI 41315",,2024-05-26
CUST-000164,Isabel,Robbins,hollydickerson@example.org,+1-964-505-6087x20415,"6342 Walsh Light Apt. 612, West Diane, AK 86003",,2024-05-13
CUST-000165,Kevin,Moore,xgrant@example.org,001-482-231-0706x66176,"270 Jack Village, Sheltonhaven, LA 03223",,2024-05-23
CUST-000166,Kayla,Kane,brittney68@example.net,001-711-538-2116x4319,"63674 Vasquez Shores Suite 212, Parrishfort, MN 47292",,2024-05-27
CUST-000167,Candice,Hanson,petersongary@example.com,+1-205-721-2690x8348,"6694 Salazar Creek Suite 146, North Angelaberg, VA 84041",,2024-05-26
CUST-000168,Karen,Griffin,hdennis@example.net,+1-436-513-3667x9561,"70685 Shelton Pike Apt. 575, Gordonmouth, NE 54425",,2024-05-19
CUST-000169,Billy,Dawson,brandon42@example.com,342-877-4821x394,"751 Wilson Streets, East Ryan, CT 33760",,2024-05-27
CUST-000170,Laura,Miller,william29@example.com,974.336.0905x6795,"75085 Mendoza Skyway, Clarkchester, CA 79117",,2024-05-13
CUST-000171,Bernard,Shaw,jefferycurtis@example.org,727-244-3265x2338,"07470 Taylor Point Apt. 099, Spencerhaven, SC 51358",Bailey-Collier,2024-05-12
CUST-000172,Bailey,Romero,maurice56@example.com,+1-577-392-5647x13333,"5147 Angel Divide Apt. 162, West Larryside, WY 58618",,2024-05-24
CUST-000173,David,Osborne,bryan@example.net,(209)568-1892,"609 Jesse Coves, South Diane, IL 37159",,2024-05-12
CUST-000174,Michael,Lopez,liuchad@example.org,360.599.1638x5327,"7884 Kristy Lakes, Stevensbury, IN 75438",,2024-05-10
CUST-000175,Pamela,Ramirez,ewade@example.org,+1-815-391-9480x7915,"693 Myers Shore, Leachview, AK 39402",,2024-05-23
CUST-000176,Mark,Glenn,denisekirby@example.com,331.238.2532x1866,"113 Lewis Groves, Port Christietown, CT 84337",,2024-05-25
CUST-000177,Daniel,Cobb,ule@example.net,(806)891-1930,"167 Brown Drives Apt. 369, South Williamfurt, GU 87133",,2024-05-23
CUST-000178,Darius,Norris,wrightrebekah@example.org,001-557-601-0161x6507,"663 Jose Oval Apt. 900, Leeland, VT 81169",,2024-05-22
CUST-000179,Joseph,Adams,oconnorthomas@example.com,(843)582-8389,"1069 Anthony Spur, Lake Joelshire, MO 35414",,2024-05-23
CUST-000180,Penny,Williams,ehunter@example.org,454-217-5856,"551 Andrea Shoals Suite 048, North Angelberg, VI 80651",,2024-05-24
CUST-000181,Samuel,Ruiz,ramseylarry@example.org,867.931.9356x5631,"84558 Ricky Station, East Daniel, VI 25915",,2024-05-19
CUST-000182,Kathleen,Schmidt,rodriguezeric@example.com,(527)648-6275x43725,"1895 Lopez Station Suite 753, Lunamouth, PW 74690",,2024-05-04
CUST-000183,Tammy,Carter,jim09@example.net,478.889.5314,"2266 Perez Green, Esparzaview, UT 68129",Johnson-Bauer,2024-05-30
CUST-000184,Rebecca,Atkinson,wsmith@example.com,001-388-857-6326x9597,"287 Crystal Fall Apt. 638, Lake Jennifer, DC 29310",,2024-05-12
CUST-000185,Jennifer,Gilbert,nicholas30@example.com,+1-347-950-9185x63001,"171 Thomas View Apt. 194, Floresberg, OH 29832",,2024-05-07
CUST-000186,Melvin,Sanchez,haneydarrell@example.net,001-445-272-8133x631,"50059 Willis Cliff, South Seanmouth, HI 98590",,2024-05-22
CUST-000187,Shelley,Rose,tthompson@example.com,232-447-0965,"29071 Stewart Stream, Port Sharon, WA 44191",,2024-06-28
CUST-000188,Helen,Cox,luisbrown@example.com,+1-577-509-6482x70873,"073 Duffy Wall, New Corey, CA 41671",,2024-06-01
CUST-000189,Sergio,Burke,lesterdouglas@example.net,(267)522-8719,"900 Alvarado Extension Apt. 317, West David, MA 95523",,2024-06-04
CUST-000190,Rachael,Cook,melanie25@example.com,774-613-1052,"3660 Linda Plains, Lake Rose, OH 11905",,2024-06-06
CUST-000191,Amanda,White,kathycollier@example.net,+1-453-991-5355x4832,"70101 Newman Mills Suite 109, New Markbury, WY 59933",,2024-06-15
CUST-000192,Jermaine,Tucker,timothy81@example.net,+1-393-246-6769x9203,"08887 Brandi Shores, South Davidport, MA 34870",,2024-06-16
CUST-000193,Karen,Michael,sarahdaniels@example.net,722-705-1150,"424 Tony Ports Suite 568, Lake Ianburgh, MO 73133",,2024-06-09
CUST-000194,Patrick,West,davidtaylor@example.org,(751)796-0313,"2468 Duke Underpass, Port Angelahaven, IA 87785",,2024-06-07
CUST-000195,Jo,Montgomery,stacey68@example.org,(987)441-3107x783,"8103 Thornton Creek, Elizabethmouth, ND 21279",,2024-06-04
CUST-000196,Richard,Scott,michael62@example.com,001-377-999-9103x80715,"52523 Lawson Stravenue, South Douglas, KY 80012",,2024-06-25
CUST-000197,Daniel,Chambers,richardharris@example.net,+1-685-232-6568,"164 Brian Falls, East Jessica, MP 28673",,2024-06-29
CUST-000198,Kimberly,Cox,kristinballard@example.org,+1-872-277-3212x59040,"09913 Riggs Dale, Lake Jose, VT 96681",Williams-Kirk,2024-06-09
CUST-000199,Charles,Hernandez,martinrebecca@example.com,454-765-6313,"8874 Evans Burg Apt. 652, Mathisfort, NY 33557",,2024-06-15
CUST-000200,Nathaniel,Mann,foxdestiny@example.net,7407520082,"6435 Barbara Hills Apt. 114, Sotofort, ND 19739",,2024-06-29
CUST-000201,Michelle,Hardin,arussell@example.net,001-802-884-5190,"235 Paul Lodge Apt. 666, Morrisfurt, ME 62732",,2024-06-15
CUST-000202,Diana,Holmes,sarah17@example.net,+1-315-671-3568x960,"3798 Barrett Run, Jonesbury, ID 98955",,2024-06-09
CUST-000203,Amy,Williams,amberrivas@example.org,+1-456-433-6562x234,"79060 Mcintyre Springs Suite 527, Port Brittneyburgh, NV 36929",,2024-06-13
CUST-000204,Maxwell,Thompson,martinkevin@example.net,216.234.7053x785,"34669 Lin Turnpike, South John, MA 15049",,2024-06-23
CUST-000205,Jennifer,Mack,james99@example.com,+1-388-262-1382x6783,"665 Shelton Center Apt. 001, Patriciashire, FM 90572",,2024-06-11
CUST-000206,Linda,Shelton,bfields@example.com,+1-791-337-6154x77023,"653 Preston Mountain, Dariushaven, WV 26648",,2024-06-25
CUST-000207,Justin,Smith,starkmichelle@example.com,531-389-8425x532,"87558 Ewing Lakes, Port Danielville, FM 77687",,2024-06-13
CUST-000208,Cameron,Logan,oadams@example.com,+1-873-534-4765,"351 Christine Islands Suite 676, Reyesfurt, NJ 41456",,2024-06-08
CUST-000209,Jonathan,Deleon,stokeslauren@example.com,+1-843-850-9883x08701,"76583 Conley Squares Apt. 889, Melissaberg, PR 23074",,2024-06-19
CUST-000210,Victoria,Mullins,cody17@example.com,+1-566-539-9525x302,"330 Rebekah Haven, Jonathanhaven, AK 77809",,2024-06-27
CUST-000211,Christina,Fisher,rebeccawright@example.net,(622)826-5878x27320,"2753 William Divide, Bensonberg, GA 22622","Lopez, Vincent and Kirk",2024-06-03
CUST-000212,Cory,Allen,fritzmonique@example.org,642-823-6822x0199,"94599 Christine Camp, North Donald, FL 54682",,2024-06-15
CUST-000213,Kristen,Shaw,leonardfletcher@example.org,3257308742,"3387 Emily Manor Suite 950, Larsonberg, VI 16920",,2024-06-26
CUST-000214,Susan,Edwards,pamelajohnson@example.org,+1-251-802-0177x3163,"8696 Alexander Divide Apt. 840, Dominiqueland, GA 37620",,2024-06-27
CUST-000215,Jessica,Hanson,megangreene@example.org,+1-492-680-6941x76670,"440 Williams Keys, New Thomasmouth, NM 97446",,2024-06-16
CUST-000216,Kara,Romero,loweryemily@example.com,358-311-1246x2331,"4066 Norman Course, Lake Jamiefort, NE 20273",,2024-06-13
CUST-000217,Tonya,Adams,bellchristopher@example.com,(978)899-3386,"5777 Collins Ranch Apt. 234, Michaelville, OH 85945",,2024-06-23
CUST-000218,Kimberly,Lindsey,kcox@example.net,847-875-0388x47277,"09965 Smith Alley Suite 628, Lake Joshuachester, AK 50006",,2024-06-01
CUST-000219,Kenneth,Anderson,bryantmeghan@example.net,525-649-9692x551,"431 Garcia Mountains, Paulchester, NY 25336","Adams, Johnson and Cooper",2024-06-04
CUST-000220,Julie,Davis,kevinmckenzie@example.net,907.453.3877x47603,"23904 Jonathan Cliffs, Pricestad, LA 87145",,2024-06-17
CUST-000221,Jordan,Lucas,antoniocarpenter@example.net,+1-418-414-7823x7842,"52786 Angel Bridge Apt. 570, New Paul, AL 63040",,2024-06-23
CUST-000222,Susan,Watson,tiffanynash@example.org,922.432.9334x09424,"944 Katie Highway Apt. 551, Port Christopherbury, KY 74043",,2024-06-11
CUST-000223,Deborah,Jones,jturner@example.org,001-544-766-2713x581,"6882 Kathleen Coves, Thomasborough, IL 95248",Peters PLC,2024-06-02
CUST-000224,Lauren,Moore,kimmary@example.net,519-975-8160,"95459 Lee Oval, New Robert, CA 42245",,2024-06-04
CUST-000225,Michael,Herrera,sonya09@example.net,(758)888-3071x3531,"3055 Christine Streets Apt. 822, Port Travis, IL 83512",Mccarthy PLC,2024-06-05
CUST-000226,Molly,Martin,llynch@example.org,(413)455-4660x1990,"69915 Melissa Dale, Sarastad, IA 09311",Kim Ltd,2024-06-19
CUST-000227,Holly,Flores,donna13@example.net,(519)623-5762,"54714 Martin Stream Suite 054, Lynchton, KY 03557",,2024-06-30
CUST-000228,Sandra,Wright,martinvictoria@example.net,8769521327,"7310 Lewis Keys Apt. 431, Karaland, TX 83691",,2024-06-28
CUST-000229,Heather,Thomas,andersonjessica@example.com,(507)707-1279x844,"132 Jessica Glens Apt. 800, New Amychester, AL 61039",,2024-07-16
CUST-000230,Melvin,Stone,gilbertperez@example.com,803-605-5330x411,"60602 Stephens Point, West Jimmyfort, CA 68353",,2024-07-02
CUST-000231,Lauren,Reed,twilkinson@example.net,441.949.3181,"276 Dixon Circles Suite 564, South Matthewport, VT 40945",,2024-07-29
CUST-000232,Anthony,Leach,vhansen@example.org,477.876.3161x998,"518 Ford Burgs Suite 997, Lake Robertview, VA 63260",,2024-07-21
CUST-000233,Tammy,James,xwalters@example.org,386.275.8531x3010,"57231 Dustin Fields Apt. 488, Barnesbury, AZ 88750",,2024-07-10
CUST-000234,Wayne,Frank,matthewsutton@example.org,+1-603-835-3541,"845 Michael Stravenue, Newmanburgh, VI 09859",,2024-07-25
CUST-000235,Scott,Alexander,nmcclain@example.org,3223822238,"19068 Fitzpatrick Cove, Brownhaven, MA 82453",,2024-08-04
CUST-000236,Gina,Smith,kellymiller@example.com,(592)314-4546x964,"484 Peters Ways Suite 665, Nguyentown, MN 59272",,2024-08-08
CUST-000237,Matthew,Watts,michelle25@example.com,(917)862-5451,"9027 Anderson Center Apt. 703, Maryville, WI 98047",,2024-08-03
CUST-000238,Joan,Harrison,larry48@example.com,001-800-580-2132x258,"8420 Mariah Shore, Alexanderport, NJ 84166",,2024-08-03
CUST-000239,Toni,Willis,karen66@example.org,+1-692-411-9714,"2137 Morse Ramp Suite 365, Collinston, VA 83427",,2024-08-12
CUST-000240,Rodney,Hill,michellewoods@example.net,690.982.5495,"4882 Brandt Skyway, East Stacie, OK 30888",,2024-08-13
CUST-000241,Sonia,Ortiz,alexis05@example.org,001-281-817-9843x5250,"272 Hunt Manors Apt. 471, Lake Stevenmouth, ND 52317",,2024-08-27
CUST-000242,Andrew,Vaughan,tom01@example.com,555.285.4402,"153 David Islands, Amandaville, NE 47944",,2024-08-29
CUST-000243,Brandon,Bell,vanessa97@example.com,+1-545-333-4743,"28644 Michael Union, Landrybury, MI 72783",,2024-08-19
CUST-000244,Eric,Jennings,morenoamy@example.org,001-937-382-4759,"51384 Julie Turnpike, East John, WY 47710",,2024-08-22
CUST-000245,Brad,Cooper,ngarcia@example.com,(404)424-6231x9285,"289 Rose Inlet Apt. 343, Rachelshire, NC 18736",,2024-08-09
CUST-000246,Kirk,Mendoza,christopherhall@example.org,618.947.6191,"69679 Thompson Squares Apt. 524, Huffmanchester, MA 35341",,2024-08-30
CUST-000247,Brandon,Sexton,jesse18@example.org,379-650-4310x921,"97266 Jones Row, Nashchester, ID 77336",,2024-08-26
CUST-000248,Daniel,Turner,carolsimon@example.com,(549)388-2622x520,"9955 Jerry Tunnel, New Parker, SD 73979",,2024-08-07
CUST-000249,James,Hendrix,jacqueline93@example.net,(742)531-0996,"4175 Isaac Summit Suite 540, Reginaland, RI 08592",,2024-08-28
CUST-000250,Valerie,Ochoa,grahamanna@example.com,7974307766,"27727 Hoffman Expressway Suite 904, Lake Codyfort, NY 63344",,2024-08-04
CUST-000251,Terrence,Jones,bnorton@example.net,001-835-883-9161x9509,"74466 Garrett Light, Port Williamberg, NE 17702",,2024-08-21
CUST-000252,Bianca,Alvarez,istevenson@example.net,(318)567-3932x4568,"530 Green Overpass Suite 260, Gomezhaven, OR 18686",,2024-08-19
CUST-000253,William,Anderson,amandaburgess@example.com,001-356-731-7270x2691,"571 Philip Avenue Apt. 459, Lake Ryan, CT 36026",,2024-08-28
CUST-000254,Maria,Delgado,masonpadilla@example.net,(421)228-3464,"194 Gregory Locks, Anthonyberg, NH 90529",,2024-08-21
CUST-000255,Keith,Silva,virginia09@example.org,(336)972-0642x64011,"2910 Erin Valley Apt. 163, North Collinville, VT 92137",,2024-08-08
CUST-000256,Katie,Noble,mike37@example.net,644-575-9205x358,"7375 Bennett Inlet Suite 744, West Jeanette, KS 80262",Chen Ltd,2024-08-14
CUST-000257,Christopher,Mejia,bford@example.com,711-624-4279,"64777 Alexandra Walks Suite 968, Danaville, TN 49912",,2024-08-30
CUST-000258,Adam,Hoover,cunninghamcatherine@example.net,001-625-273-9293x3461,"15734 Melinda Forges Apt. 912, Jonathonmouth, HI 87611",,2024-08-10
CUST-000259,Kristen,Douglas,timothymoore@example.org,+1-771-210-5848x57892,"15637 Valdez Greens Apt. 054, Lake Karenbury, LA 48289",,2024-08-16
CUST-000260,Garrett,Smith,proberts@example.org,447.369.8944,"56628 Emily Well Suite 723, West Marie, MA 83108",,2024-08-11
CUST-000261,Jennifer,Stafford,johnsonalexis@example.org,532-624-6744x42014,"0594 Kenneth Place, Oliverhaven, NY 44063",,2024-08-05
CUST-000262,Jodi,Lyons,johncampbell@example.org,786-346-4340,"522 Taylor Cape Suite 509, Stephanieborough, KS 63971",,2024-08-22
CUST-000263,Samantha,Gomez,randy04@example.org,275-874-5528,"1030 Kathryn Union Apt. 555, West Michael, AR 51739",,2024-08-27
CUST-000264,Andre,Kelly,espinozanathan@example.org,502-316-6467,"79575 Grant Course, Lake Margaret, MI 03281",,2024-08-20
CUST-000265,Scott,Spence,betty76@example.net,786-223-9781x8044,"269 Harmon Key, Port Jamesburgh, FM 45917",,2024-08-09
CUST-000266,Michael,Noble,davidwest@example.net,328-389-0660x342,"8460 Proctor Stravenue, Timothyhaven, WA 17800",,2024-08-04
CUST-000267,Ricky,Jackson,ashley81@example.net,+1-444-275-3317x59882,"660 Brooke Highway Suite 420, East Kellyport, HI 41844",,2024-08-25
CUST-000268,Erica,Reed,marklambert@example.net,001-900-347-4086x95279,"496 James Corner, Jerryfurt, OH 01695",,2024-09-28
CUST-000269,Reginald,Tyler,connie51@example.net,926.438.1650x4890,"1615 Ricky Brooks Apt. 771, Lake Sandy, CA 52913",,2024-09-05
CUST-000270,Ashley,Smith,masoncharles@example.org,467-635-7202x67218,"38252 Medina Wall, Johnsonmouth, TN 97466",,2024-09-26
CUST-000271,Heather,Richard,katherinesmith@example.com,+1-555-641-8520x3596,"29412 Tony Loaf Suite 008, New Cassandrastad, AK 76011",,2024-09-26
CUST-000272,Justin,Wade,earroyo@example.net,+1-434-591-6135,"45982 Mark Roads Apt. 723, South Danachester, KS 61719",,2024-09-06
CUST-000273,Maria,Mcdowell,alisonhansen@example.net,902.565.2471x1304,"780 Grant Roads, Debraberg, PR 72022",,2024-09-03
CUST-000274,Kenneth,Taylor,qmack@example.org,001-674-941-6214,"321 Miller Cape Suite 775, East Meganview, IL 58436",,2024-09-30
CUST-000275,Stephen,Rogers,anafox@example.net,952.360.4685x910,"3745 Corey Ford Suite 969, West Evelyn, ME 49575",,2024-09-29
CUST-000276,Jerry,Lamb,carlreyes@example.org,722-676-6617,"459 Caleb Ways, Moontown, AZ 73367",,2024-09-14
CUST-000277,Matthew,Silva,millersarah@example.net,6723631151,"154 Anthony Gateway, Troyside, ME 31635",,2024-09-11
CUST-000278,Daniel,Coleman,bauertracy@example.net,(929)526-6613x7373,"4636 Houston Passage, New Bryanburgh, AK 19161",,2024-09-04
CUST-000279,Tyler,Parker,richard25@example.com,(817)707-3115,"89188 Zachary Land Apt. 237, Port Tiffanyberg, DC 11522",,2024-09-09
CUST-000280,Christopher,Collier,benjamin07@example.net,+1-310-679-4513,"749 Joseph Field Apt. 027, Adamstown, ID 67301",,2024-09-01
CUST-000281,Kevin,Moore,collinsgeorge@example.org,001-570-264-6769x30420,"1814 Laura Drive Suite 442, Lynchhaven, TX 76883",,2024-10-01
CUST-000282,Sheryl,Williams,diane51@example.net,307-364-8994x37152,"365 Micheal Road Suite 700, New Samantha, VI 76705",,2024-10-03
CUST-000283,Kimberly,Bell,yatestanya@example.org,642-226-6943,"5888 Patrick Pike Suite 047, Joshuahaven, WI 47260",,2024-10-31
CUST-000284,Haley,Sandoval,amy20@example.net,001-831-957-2010,"52294 Crawford Shores, Garciaberg, VI 73715",Morris and Sons,2024-10-27
CUST-000285,James,Thompson,gtownsend@example.org,338.899.0406x17800,"78456 Bishop Courts Apt. 848, Robertmouth, MO 05449",,2024-10-11
CUST-000286,Alan,Roberts,mathewlarson@example.net,2007891254,"13710 April Lodge, Parksmouth, CT 56071",,2024-10-12
CUST-000287,Sharon,Carroll,ronaldthompson@example.org,869-757-5623x8110,"633 Bryan Harbors, Matthewstad, CA 64840",,2024-10-22
CUST-000288,Lynn,Adams,michael07@example.org,(471)882-2021,"8627 Castro Streets Apt. 924, Jeffreyberg, DC 01706",,2024-10-18
CUST-000289,Crystal,Scott,vmata@example.net,(699)545-7445x3429,"061 David Courts Apt. 233, New Vanessastad, SC 07275",,2024-10-24
CUST-000290,Mathew,Smith,martinezchristopher@example.org,369-282-2994x5163,"6264 Barry Stream, North Andrew, VI 02572",,2024-10-16
CUST-000291,Sheila,Atkinson,matthewsmith@example.com,763-818-8510,"47223 Donna Corners, North Megan, DC 91221",,2024-10-29
CUST-000292,Jesse,Bautista,nacevedo@example.org,700-413-2612x561,"88586 Bennett Via, Allisonton, NY 75949",,2024-10-27
CUST-000293,Michael,Anderson,mark42@example.net,001-296-499-2959x642,"6981 Scott Square, Vincentmouth, GA 30918","Watson, Pratt and Campbell",2024-10-11
CUST-000294,Nathaniel,Potter,jerrynelson@example.net,675.399.1451x267,"4615 Kim Via Suite 416, Christinefort, GU 71853",,2024-10-17
CUST-000295,Brianna,Burgess,wvargas@example.net,9956519001,"25531 Melissa Cove Apt. 764, South Joanna, MH 24201",,2024-10-17
CUST-000296,Jeremy,Myers,jacksonemily@example.com,(372)850-3256,"86124 Garcia Curve, Lake Mitchellstad, OH 48267",,2024-10-15
CUST-000297,Victoria,Thomas,davisrobert@example.org,689-515-0317x17855,"22799 Megan Heights, Zacharyburgh, CT 61910",,2024-10-21
CUST-000298,Christina,Clark,jennifermclean@example.com,298.506.5460,"50556 David Dale Apt. 444, Lake Joseph, HI 59047","Castaneda, Scott and Jackson",2024-10-12
CUST-000299,Elizabeth,Butler,tonya25@example.org,820.800.1640x551,"6571 Brenda Isle, Karenfort, MP 21229",,2024-10-27
CUST-000300,Oscar,Jenkins,kimberly83@example.com,(733)798-4141x3515,"24588 Ana Vista Suite 121, New Mary, CA 42173",,2024-10-29
CUST-000301,Zachary,Fitzgerald,ycooper@example.org,352.582.5678,"3140 Barnes Gardens, Lopezton, GA 15556",,2024-10-06
CUST-000302,Haley,Ayala,fshaw@example.net,940.556.7672x3081,"641 Gonzalez Shoal Apt. 516, West David, GA 47736",,2024-10-13
CUST-000303,Michael,Carlson,harringtondaniel@example.net,834.689.4759x87254,"71528 Mitchell Row Suite 050, Andersonside, DC 82226",,2024-10-25
CUST-000304,Karen,Jones,lunasarah@example.com,4545973890,"75954 Robert Mills Suite 944, Port Karen, CT 74505",,2024-10-05
CUST-000305,Kayla,Young,matthew40@example.com,+1-887-757-6127,"890 Lisa Dale Suite 783, West Susanville, MD 77713",,2024-10-03
CUST-000306,Johnny,Bell,melissa63@example.net,+1-897-349-8255x1091,"97813 Adam Causeway, Kochbury, KY 54324",,2024-10-10
CUST-000307,Denise,Gardner,charlesvazquez@example.net,4764204716,"9128 Andrade Mews Suite 352, North Lindsayborough, NC 72714",,2024-10-09
CUST-000308,Jenna,Jones,kwalters@example.net,(250)321-9590,"49703 William Springs, South Chadbury, IN 69818",,2024-10-19
CUST-000309,Kenneth,Mitchell,parker38@example.net,757.593.9722x0925,"5190 Green Centers, North Patrick, GU 74457",,2024-10-30
CUST-000310,Gregg,Wallace,benjaminspencer@example.org,+1-585-992-0931x732,"3448 Mathews Valleys Apt. 888, New Jason, MO 81730",,2024-10-09
CUST-000311,Amanda,Diaz,jamesjones@example.org,6123788501,"96847 Sandra Stravenue, Cunninghammouth, CT 55375",,2024-10-21
CUST-000312,Evan,Rowland,wchang@example.net,001-657-705-3707x30671,"81310 Ramirez Green Apt. 824, Parsonsbury, KS 44265",,2024-10-21
CUST-000313,Cynthia,Osborne,ian25@example.net,4688591258,"131 Luna Way, Lake Richard, NY 12494",,2024-10-04
CUST-000314,Jessica,Collier,mariajones@example.com,(567)548-7114,"977 Farmer Springs, Coryville, OH 99711",,2024-10-26
CUST-000315,Ashley,Campbell,clarkwayne@example.com,776-303-2309,"68134 Day Hollow Apt. 380, Lake Amanda, TN 41511",,2024-10-17
CUST-000316,Nicholas,Turner,jjackson@example.com,4778889289,"17833 Prince Spring Apt. 244, Bautistaborough, NC 98520",,2024-10-15
CUST-000317,James,Carroll,wrightrobert@example.org,+1-429-277-8456x9862,"3093 Miller Burg Suite 353, New Anthony, UT 89913",,2024-10-19
CUST-000318,Joseph,Griffin,joycebrenda@example.com,001-631-547-8603x986,"72074 John Landing Apt. 555, North Carol, UT 97415",,2024-10-19
CUST-000319,Diane,Martin,thomas60@example.net,+1-478-231-4011x067,"412 Pugh Lane Apt. 924, Port Janice, DE 57387",,2024-10-31
CUST-000320,Mackenzie,Frank,robinsoneric@example.com,982-277-8191x91987,"75542 Thomas Track Apt. 770, North Markside, CO 34581",,2024-10-04
CUST-000321,James,Duke,debbiecrane@example.com,001-711-286-6556x84195,"3881 Cynthia Ranch Suite 940, Randallland, MS 94498",,2024-10-22
CUST-000322,Angela,Allen,kevinsantos@example.net,+1-414-698-5374x2994,"2845 Rachel Village, Michaelchester, VT 40216",,2024-10-17
CUST-000323,Kristen,Peterson,robert93@example.org,370.490.9448,"8417 Dwayne Islands Suite 793, New Aaron, NJ 91126",,2024-10-04
CUST-000324,Rodney,Vincent,morenovalerie@example.com,315-963-6826x95398,"1149 Katherine Mountain Suite 227, Melaniestad, OR 61690",,2024-11-15
CUST-000325,Kathleen,Oliver,ythomas@example.com,655-340-7558,"212 Austin Garden Suite 905, North Betty, ME 88851",,2024-11-14
CUST-000326,Eric,Marshall,rmeyer@example.net,(275)525-4239x9839,"083 Timothy Springs Apt. 984, Clarkville, MT 56884",,2024-11-16
CUST-000327,Jennifer,Robinson,ghall@example.com,001-953-632-6188x5699,"1847 Cooper Lakes, Hudsonville, LA 94918",,2024-11-06
CUST-000328,Michael,Durham,mooreanne@example.net,481.376.0530,"15177 Maria Lake Suite 007, Lindachester, MI 11765",,2024-11-17
CUST-000329,Vanessa,Finley,yalexander@example.org,349-502-2177,"638 Yu Vista, Port Elaineville, CT 26751",,2024-11-16
CUST-000330,Krista,Moore,rsmith@example.net,3774477671,"74342 Marshall Estates Suite 548, West Danashire, PW 41797",,2024-11-16
CUST-000331,Christy,Holland,zwalton@example.com,293-533-9018x529,"69517 Meagan Groves, Lucasbury, WY 14222",,2024-11-10
CUST-000332,Stephen,Harper,iparker@example.net,(861)655-3683,"553 Brown Courts, Cantrellville, MI 40964",,2024-11-10
CUST-000333,Angelica,Johnson,paulwood@example.com,001-500-288-6345x34602,"250 Johnson View Apt. 591, Blackhaven, IL 27193",,2024-11-19
CUST-000334,Aaron,Lopez,lwilson@example.com,(291)838-8552,"3483 David Viaduct, Port Christine, SD 86520",,2024-11-23
CUST-000335,Gary,Velez,qjohnson@example.net,812.225.6687x06459,"72381 Anna Square, South Travis, WA 85431",,2024-11-17
CUST-000336,Ian,Myers,taylorwilliams@example.net,+1-376-288-0478x4468,"31416 Diaz Walk Suite 085, Juliefurt, DE 81950",,2024-11-28
CUST-000337,Richard,Martinez,stephanie46@example.org,+1-765-390-6854x50308,"72146 John Motorway, Williamston, AZ 44058",,2024-11-23
CUST-000338,James,Pratt,amyellis@example.com,001-779-289-5237x810,"28531 Heather Circle Suite 316, Murphyborough, PR 36652",,2024-11-01
CUST-000339,Peter,Ross,georgedavid@example.org,421.541.0031x742,"1499 Angela Plaza Suite 504, Cooperton, MP 07063",,2024-11-13
CUST-000340,Tamara,Holmes,cford@example.com,+1-922-281-2521x283,"272 David Plains, Wandamouth, RI 29454",,2024-11-05
CUST-000341,Sheri,Schaefer,brianbaldwin@example.com,890.761.7670x82706,"575 Leslie Meadows, Reedview, ND 13687",,2024-11-02
CUST-000342,Christopher,Ballard,fmiller@example.com,(542)228-3583x98228,"7490 Christina Dale, Lake Nicole, AK 77687",,2024-11-16
CUST-000343,Tammy,Gonzalez,michaelfriedman@example.net,001-303-668-4223x09982,"0722 Sara Loaf Apt. 190, New Katiefort, NY 23243",,2024-11-29
CUST-000344,Brent,Hill,mary82@example.org,(837)905-6364x52937,"884 Lloyd Hill, East Nicoleshire, CT 13703",Harrell-Suarez,2024-11-05
CUST-000345,Sheila,Barron,matthew69@example.com,916.858.6600,"459 Megan Heights Apt. 320, East Chloe, ME 05371",,2024-11-30
CUST-000346,Randy,Brown,jeffreysimon@example.net,587-329-1212,"113 Jenna Trace Apt. 469, Owenshaven, DC 52435",,2024-11-14
CUST-000347,Jeffrey,Smith,pnorman@example.com,608-437-3033x19930,"155 Lane Stream, Kellyhaven, GA 63501",,2024-11-04
CUST-000348,Colleen,Hatfield,zadkins@example.com,001-785-860-2243x05691,"687 Moore Manors Apt. 314, Briannatown, CA 35343",,2024-11-12
CUST-000349,Jose,Scott,suarezanna@example.org,335.754.3414x06520,"0496 Berger Extension Apt. 506, Whiteshire, VA 88523",,2024-11-13
CUST-000350,Kelly,Munoz,jenniferwhite@example.com,+1-434-802-3322x44432,"6736 Matthew Brook Suite 263, Brandyfurt, DC 54844",,2024-11-25
CUST-000351,Samantha,Bell,macevedo@example.net,001-545-390-2616x809,"16465 Matthew Skyway, East Yvonne, ME 59190",,2024-11-05
CUST-000352,Nancy,Myers,thomasoliver@example.net,+1-570-268-5907x7625,"054 Hernandez Falls, Brandonport, MN 68888",,2024-11-06
CUST-000353,Raymond,Weaver,elizabethromero@example.com,611.785.1260,"92759 Hickman Tunnel Suite 677, Port Kim, CO 40896",,2024-11-07
CUST-000354,Christopher,Mann,lauren68@example.net,(744)669-7095x418,"1108 Vargas Grove, Mcguireton, UT 03528",,2024-11-08
CUST-000355,Lisa,Hart,xdickerson@example.net,+1-377-454-4150,"230 Anthony Mills, Lihaven, AZ 01431",,2024-11-25
CUST-000356,Jeffrey,Atkins,vickieday@example.org,361-370-8815x22850,"041 Cox Squares Apt. 974, Tylertown, SC 97977",,2024-11-03
CUST-000357,Michael,Watts,karen69@example.org,+1-981-720-5764,"74348 Tony Field Apt. 511, New Stacy, ND 95182",,2024-11-07
CUST-000358,Alejandro,Vazquez,nathanparker@example.net,530.359.4257x30060,"9801 Kent Branch, East Johnfurt, MD 81335",,2024-11-09
CUST-000359,Shane,Phillips,blakeeric@example.org,+1-949-407-5638x878,"2427 Cynthia Plaza Apt. 832, South Williamland, AL 40594",,2024-11-24
CUST-000360,Ashley,Henderson,alexandercharles@example.net,480-433-7728x271,"07057 Kent Key Apt. 049, Williamsmouth, GA 00763",,2024-11-14
CUST-000361,Mary,Mann,johnstonross@example.net,001-278-739-5507x65655,"5919 Sherman Walk, Lake James, HI 20006",,2024-12-09
CUST-000362,William,Gonzalez,jacksonmonica@example.net,2438937407,"027 Sanders Prairie Apt. 859, New Kimberlychester, IL 33310",,2024-12-09
CUST-000363,Ross,Branch,kramirez@example.net,658-282-4936x6275,"1432 Acevedo Avenue, Smithport, VI 62448",,2024-12-31
CUST-000364,Victoria,Mcmillan,maria91@example.org,+1-695-741-5352x33094,"8607 Barbara Shores, Lake Amber, PA 94274",,2024-12-15
CUST-000365,Dana,Williams,douglassteven@example.net,001-455-593-6506x406,"766 Knight Stream Apt. 800, Duartemouth, MN 03111",,2024-12-16
CUST-000366,David,Mendoza,xfuller@example.org,001-321-828-5384x0799,"82168 Alan Lakes Suite 314, North Samuel, AS 74075",,2024-12-03
CUST-000367,Laura,Lopez,david72@example.org,9574270998,"098 James Ramp, Hammondshire, GU 60884",,2024-12-18
CUST-000368,Mark,Acosta,vickie21@example.org,001-865-969-6609x853,"726 Cynthia Terrace Suite 168, West Danny, LA 80379",,2024-12-25
CUST-000369,Scott,Johnson,nicholas18@example.net,355.340.8468,"00487 Merritt Extension, Kelseyfurt, FL 17608",,2024-12-31
CUST-000370,Leslie,Buck,shudson@example.com,347.884.0138x82336,"589 Laurie Rue, Jessicaside, GA 41738",,2024-12-28
CUST-000371,Christopher,Spencer,alyssajacobs@example.net,001-736-470-0258x35282,"41581 Simmons Heights Apt. 269, Lake Beckyton, GA 88894",,2024-12-03
CUST-000372,Michael,Gibson,jennifer11@example.net,620.806.3107,"8017 Connie Spring Apt. 637, South Joseph, CT 52486",Deleon-Mendoza,2024-12-14
CUST-000373,Bobby,Richmond,cbond@example.net,533.746.4989,"1282 Kelsey Streets, Wallaceberg, AS 66869",,2024-12-24
CUST-000374,Kurt,Gordon,margaret80@example.com,001-615-574-3592,"87167 Melanie Manor Apt. 115, Port Kellyfort, AK 02358",Hughes-Kerr,2024-12-07
CUST-000375,James,Gonzalez,hernandezlisa@example.net,996-435-5349x721,"49449 Martin Ville Apt. 867, Elizabethburgh, MT 92408",Novak Group,2024-12-28
CUST-000376,Elizabeth,Garcia,jramirez@example.com,968.868.1075x16155,"0669 Lester Viaduct Suite 312, Williamstad, WY 87812",,2024-12-14
CUST-000377,Earl,Wright,kimberly39@example.org,001-440-880-8899x85760,"7885 Joseph Summit Suite 640, Castanedafurt, AZ 13440",Miller-Haley,2024-12-24
CUST-000378,Reginald,Todd,jonestyler@example.org,+1-378-937-9694,"48104 Gregory Orchard, East Kevinton, PR 23225",,2024-12-16
CUST-000379,Nicole,Thomas,baileyfuller@example.org,891-609-1683,"35747 David Hill, Port Brendamouth, AK 06068",,2024-12-04
CUST-000380,Beverly,Turner,burkedanielle@example.com,(992)436-5843,"5753 Mark Field Suite 447, Jillshire, GU 20721",,2024-12-21
CUST-000381,Samantha,Fischer,emilyjohnson@example.org,001-887-634-7373x16950,"23514 Jackie Port Apt. 394, Kimberlyburgh, WV 78582",Foster Group,2024-12-11
CUST-000382,Jesse,Harvey,mcmillanjamie@example.net,835-879-1334x833,"2651 Eric Brooks Apt. 166, West Davidmouth, KS 04871",,2024-12-02
CUST-000383,Joseph,Austin,wjohnson@example.com,001-420-350-0036x29868,"9380 Watson Ramp Apt. 638, West Meganland, NC 11146",,2024-12-04
CUST-000384,Holly,Bennett,jrobinson@example.org,001-989-969-9801x3032,"40730 Danielle Highway, Pamelastad, WI 36390",,2024-12-07
CUST-000385,Amanda,Clark,ortizchristopher@example.net,772-471-3540,"26609 Catherine Prairie Apt. 921, North Tina, MO 31655",,2024-12-15
CUST-000386,Emily,Weeks,george84@example.com,740-478-4887,"9806 Carson Camp, Charlesland, OR 32520",,2024-12-30
CUST-000387,Marcus,Camacho,perezjonathan@example.org,800-249-7784x581,"120 Dixon Curve, Lake Lindaton, NE 84944",Davenport LLC,2024-12-29
CUST-000388,Mindy,Robertson,iodom@example.com,372-932-5762x417,"260 Clay Forest, Gregorybury, LA 29565",,2024-12-23
CUST-000389,Leslie,Gonzales,frankhansen@example.net,944-680-1065,"7707 Gregory Glens, Johnsonbury, MN 03580",,2024-12-08
CUST-000390,Lisa,Stone,hunterrichard@example.net,999-588-4172,"340 Lindsey Curve, Whiteberg, PW 97423",,2024-12-26
CUST-000391,Rebecca,Schwartz,yjones@example.net,001-633-388-5154x397,"511 Lisa River, Lake Brandi, WY 84863",,2024-12-30
CUST-000392,Jennifer,Brown,daviskayla@example.com,982.758.9092,"973 Gregory Skyway, South Debra, SD 76394",,2024-12-10
CUST-000393,Kathy,Riley,cnelson@example.com,001-240-872-5134x9939,"67862 Howard Skyway, Stephensburgh, WA 45636",Sanders-Ward,2024-12-07
CUST-000394,Samantha,Cherry,susan13@example.org,706-400-2700x9094,"34778 Robert Terrace Apt. 842, New Davidton, IL 09715",,2024-12-24
CUST-000395,Juan,Nelson,raymond82@example.net,(397)942-1918,"4988 Martinez Causeway Suite 775, West Cameron, AR 44303",,2024-12-16
CUST-000396,Nicole,Higgins,nelsondavid@example.com,(952)301-5531x440,"4119 Rodney Rapid Suite 178, Kathleenborough, PW 13048",,2024-12-20
CUST-000397,Eric,Hernandez,daniel14@example.net,(232)879-4359x048,"5242 Michael Avenue Apt. 376, Randytown, GA 48744",,2024-12-10
CUST-000398,Matthew,Lewis,gerald20@example.org,+1-636-465-7902x82099,"329 Christopher Walks Suite 426, Browningberg, NE 45835",,2024-12-25
CUST-000399,Amanda,Jordan,lmeyer@example.net,001-327-744-5014,"644 Ashley Gateway, Hannahton, MP 25142",,2024-12-10
CUST-000400,Virginia,Moore,granthale@example.org,430-258-0619x73216,"811 Dorsey Station, East Sydneyton, NC 81189",,2024-12-05
CUST-000401,Stephanie,Allison,pateljoseph@example.net,001-556-288-4889x3388,"4331 Robert Prairie Apt. 810, South Jose, FM 55392",,2024-12-23
CUST-000402,Kenneth,Chang,martinezjennifer@example.org,+1-370-971-0117x02558,"2474 Ramsey Islands Apt. 287, West Gabrielle, MP 68572",Jones-Cox,2025-01-02
CUST-000403,Andrew,Owens,riddlekeith@example.org,(916)201-7949x9424,"462 Brock Pines, Leville, PW 43040",,2025-01-21
CUST-000404,Michelle,Wilcox,lori53@example.com,(530)518-9221,"6435 Julia Pine, Cookchester, WI 52677",,2025-01-08
CUST-000405,Bill,Smith,heather33@example.com,001-341-702-8995x0257,"4165 Jones Fords Apt. 517, East Mark, ND 36426",,2025-01-31
CUST-000406,Ashley,Riggs,ismith@example.net,+1-814-381-0749x1961,"11618 Davis Radial, West Justinmouth, CA 69855","Howard, Stewart and Anderson",2025-01-08
CUST-000407,Brenda,Mckay,vrobinson@example.net,+1-326-314-4020x7851,"984 Robert Islands, Clarktown, IN 63123",,2025-01-16
CUST-000408,Melissa,Lewis,betty66@example.org,001-924-616-0468x470,"422 Wendy Prairie Suite 423, Lake Danielleberg, ME 20226",,2025-01-08
CUST-000409,Andrew,Martin,longkeith@example.net,742-654-7998x33472,"605 Nguyen Manors Suite 527, Hoffmanstad, MA 68661",,2025-01-27
CUST-000410,James,Adkins,dean28@example.com,724-301-5179x2637,"3518 Allen Freeway Apt. 564, Kingside, AR 05935",,2025-01-09
CUST-000411,Jillian,Carter,phillipsdawn@example.com,(676)541-8161x65676,"91573 Trujillo Ridge Suite 678, South Betty, CA 42553",,2025-01-17
CUST-000412,Justin,Williams,fchan@example.org,9675462115,"317 Benson Green, East Debra, NC 05568",,2025-01-18
CUST-000413,Jody,Young,darren23@example.org,+1-969-816-5817x5896,"50036 Cisneros Fort, East Heather, DC 94678",,2025-01-22
CUST-000414,Jesse,Benson,brianadams@example.net,001-456-542-1887x741,"17560 Heather Streets Suite 295, New Joshua, NE 48875","Grant, Fitzgerald and Hart",2025-01-16
CUST-000415,Amanda,Ramirez,david02@example.com,(701)394-7502x22398,"345 David View Apt. 161, New Henrychester, CT 46035",Hernandez Inc,2025-01-01
CUST-000416,Andrew,Carter,dominiquewatson@example.com,001-297-552-1375x633,"87893 Cooper Fall, Port Dennisburgh, MO 49293",,2025-01-24
CUST-000417,Lauren,Cohen,guerrerodavid@example.net,770-771-7949x7691,"7976 Wright Forge Apt. 856, Novakmouth, MN 27509",Burgess-Ramirez,2025-01-30
CUST-000418,Brian,Hartman,moorebenjamin@example.com,545-635-4600x55914,"7354 Leslie Island, Lake Jefferybury, AZ 12324",Roberson LLC,2025-01-09
CUST-000419,Melanie,Turner,carolyn13@example.com,290.715.7865x5506,"7333 Maria Groves Apt. 132, South Nicoleshire, HI 83020",,2025-01-28
CUST-000420,Megan,Baker,freemanjose@example.net,380-252-1537,"60556 Emma Courts Apt. 664, Port Lisamouth, TX 42192",,2025-01-25
CUST-000421,Christine,Preston,lbradley@example.net,828.480.1664,"3167 Cheyenne Creek, East James, WY 17412",,2025-01-03
CUST-000422,Jenna,Morgan,marshallchristopher@example.net,001-698-630-5864x440,"671 Joseph Curve, Lake Susanfort, CA 86906",,2025-01-26
CUST-000423,Kristen,Sims,alewis@example.com,(479)519-3377x3378,"45293 Paul Cliffs Suite 455, South Stephen, GU 51180",Brooks-Clarke,2025-01-31
CUST-000424,Kathleen,Jackson,christinawhite@example.com,816-974-9182,"256 Lauren Bypass Apt. 461, Jeremybury, NV 48064",,2025-01-05
CUST-000425,Julia,Clayton,crystal49@example.net,+1-998-693-7464x3905,"25485 Haynes Plains, Ginaburgh, NM 70461",,2025-01-28
CUST-000426,Martin,Williams,keith02@example.org,7094226752,"1888 Nancy Underpass Suite 229, Garrisonshire, MT 52765",,2025-01-09
CUST-000427,Patricia,Long,carollin@example.com,(270)399-6513x2187,"84788 Scott Square, South Steven, NM 48947",,2025-01-17
CUST-000428,Anna,Perez,andradekimberly@example.org,7684208536,"77233 Tamara Way, North Joshua, TN 05932",,2025-01-12
CUST-000429,Michael,Robinson,mbond@example.com,2014519139,"047 Juan Hill, Andrewsborough, DE 50860",,2025-01-19
CUST-000430,Shannon,Vasquez,hunterdonald@example.com,294.541.4254,"2128 Eugene Neck, North Gina, SC 41790",,2025-01-07
CUST-000431,Bethany,Buckley,michael89@example.net,+1-233-456-6944x4023,"3398 Allison Falls Apt. 526, Andrewberg, ID 79591",,2025-01-27
CUST-000432,Justin,Reid,triciaporter@example.com,001-626-257-4226x253,"880 Johnson Lodge, North Sheilaton, ME 26557",,2025-01-15
CUST-000433,Jacob,Tran,jessewilson@example.org,697.300.4418,"7719 Oconnell Creek Suite 484, Port Steven, AR 47952",,2025-01-05
CUST-000434,Emily,Hawkins,leah41@example.org,789-863-6009x0797,"507 Adams Loop, West Andreaberg, GU 99795",,2025-01-18
CUST-000435,Jason,Holt,nataliereyes@example.com,+1-535-953-7643x83150,"26649 Gaines Drive, East Emily, MD 69722",,2025-01-17
CUST-000436,Derek,Oneill,webersean@example.net,372.657.1269,"8894 Jason Lakes, Bauerstad, TN 82709",,2025-01-08
CUST-000437,Judith,Jacobson,robertlee@example.net,001-601-811-6024,"288 Michael Point, Port Randallfurt, MO 14533",,2025-01-13
CUST-000438,Richard,Murphy,adamtaylor@example.org,+1-520-577-9545x97024,"726 Anna Harbors Suite 001, Port Karlaport, WI 17694",,2025-01-27
CUST-000439,Leah,Garrett,nhowell@example.com,959.654.5230,"689 Daniel Way, Lake Deniseville, DC 30289",,2025-01-23
CUST-000440,Judith,Griffin,mooresandra@example.org,545-874-2793x138,"2829 Carter Squares, Thomastown, MN 77891",,2025-01-23
CUST-000441,Ashley,Scott,matthewschroeder@example.net,+1-679-291-0943x51990,"3330 Alyssa Fords Apt. 024, Rachelshire, GA 92493",,2025-01-04
CUST-000442,Daniel,Hayes,stevensondonna@example.net,001-852-212-6863x7566,"245 Garza Hills Apt. 398, Ronaldstad, OH 88334","Cooper, Garcia and King",2025-01-14
CUST-000443,Brent,Martin,austin00@example.org,3114094521,"742 Mary Parkway Apt. 253, North Ericaborough, IN 91468",,2025-01-15
CUST-000444,Austin,Harris,snyderemily@example.com,+1-814-943-4449x707,"2653 Porter Walks Apt. 652, West Dawn, GU 09095",,2025-01-28
CUST-000445,Heather,Lyons,michael40@example.com,3139252605,"108 Hannah Meadows, West Johnland, TN 44456",,2025-01-09
CUST-000446,Elizabeth,Sanchez,jeffreyhernandez@example.org,3137052214,"135 Black Summit, Christianchester, OH 94550",,2025-01-08
CUST-000447,Christina,Heath,pamela49@example.com,(438)969-9386x757,"77434 Ballard Centers, Jeremychester, DC 80947",,2025-01-01
CUST-000448,Joseph,Hernandez,smithpaul@example.com,5493150343,"184 Mack Point Apt. 095, West Anachester, CT 92380",,2025-01-17
CUST-000449,Vincent,Skinner,mjackson@example.org,(229)307-3672x660,"92375 Knight Drive, Port Garyfurt, WI 98820",,2025-01-08
CUST-000450,Eric,Blevins,kenneth88@example.com,001-221-771-3637x72141,"636 Pace Union, Porterview, MH 17469",,2025-01-26
CUST-000451,Russell,Gomez,edward13@example.org,281-291-2347x981,"009 Nicole Port, South Michael, DC 30222",,2025-01-26
CUST-000452,Lisa,Goodman,markallen@example.net,4276534284,"2288 Joseph Radial Suite 876, Adamsmouth, UT 04965",Grimes-Flores,2025-01-26
CUST-000453,Daniel,Hill,gwaller@example.org,308.646.5583x9431,"7706 Joseph Falls Apt. 663, South Davidburgh, OK 24509",,2025-01-17
CUST-000454,Joseph,Ortega,reeveskristina@example.org,001-958-525-8273x6183,"737 Donald Inlet Apt. 016, West Jeromefort, TX 92096",,2025-01-22
CUST-000455,Christopher,Chapman,pennycastaneda@example.net,6774095048,"593 Brown Glens Apt. 351, North Michael, GA 63218",,2025-01-05
CUST-000456,Steven,Phillips,khoward@example.net,4672730995,"3035 Cameron Forest, North Danielport, AZ 08283",,2025-02-09
CUST-000457,Robin,Bell,usmith@example.net,001-554-388-2698x35273,"932 Jessica Light Suite 013, North Mikaylashire, AS 10372",Henderson-Foster,2025-02-25
CUST-000458,Teresa,Jones,simondawn@example.com,4718486456,"96854 Williams Summit, North Melanieland, PA 25797",,2025-02-28
CUST-000459,Xavier,Cabrera,ihart@example.net,(372)447-4695x825,"11864 Steven Stravenue, Lake Joseph, NM 92088",,2025-02-19
CUST-000460,Michael,Hernandez,markpoole@example.org,571.450.5953,"291 Tracy Mews Suite 801, Port Ryanmouth, SC 65632",,2025-02-19
CUST-000461,Sandra,King,lwall@example.net,394.888.7730x4722,"269 Ruth Divide, Millerland, MH 97818",,2025-02-23
CUST-000462,Veronica,Brown,bellmelissa@example.com,348.884.0092x87721,"164 Swanson Cliff, Hensleybury, OH 41115",,2025-02-18
CUST-000463,Christopher,Little,rgiles@example.net,001-408-357-9635x8030,"6386 Underwood Extension Suite 367, East Helenburgh, RI 03880",,2025-02-04
CUST-000464,Anna,Williams,valeriekaiser@example.org,859-408-6392x50911,"618 Kevin Circles Apt. 241, Jodyville, SD 95855",,2025-02-10
CUST-000465,Randy,Flynn,qstone@example.com,+1-653-861-6081x04160,"94911 Davis Stravenue Apt. 684, South Sarah, WI 61016",,2025-02-19
CUST-000466,Richard,Roy,dakotawillis@example.net,+1-813-577-6528x045,"05484 Cheryl Coves, Rickyland, WI 14049",,2025-02-24
CUST-000467,William,Baxter,angelamitchell@example.com,001-307-547-9337,"11192 Myers Valleys Apt. 849, Fisherburgh, MI 70359",,2025-02-18
CUST-000468,Patricia,Munoz,mark52@example.com,001-891-424-2282,"5734 Green Stream, Emmashire, AZ 35679",,2025-02-06
CUST-000469,Paul,Howard,caguilar@example.net,630.834.8309x7087,"48548 Coleman Mews Apt. 160, Bryantport, NE 58372",,2025-02-26
CUST-000470,Chris,Smith,dixonsamuel@example.org,(418)610-2702,"684 Sheri Road Apt. 963, Markfort, MI 24761",Chen Inc,2025-02-06
CUST-000471,Laura,Macdonald,jthompson@example.com,590-470-2876x045,"3260 Jackson Ramp, Rebeccatown, SC 91524",,2025-02-04
CUST-000472,Anita,Ford,jacobrobbins@example.com,001-638-264-0545,"848 Smith Dale, Ashleymouth, OR 97376",,2025-02-18
CUST-000473,Kyle,Kelly,richard62@example.net,406.371.2249,"1808 Sean Avenue, Pamelafurt, ME 99547",,2025-02-14
CUST-000474,Courtney,Carey,ethanbautista@example.com,+1-351-613-8399,"45782 Mcclain Summit Suite 406, Adamville, ID 08717",,2025-02-20
CUST-000475,Kim,Smith,kelli00@example.com,(394)624-4328x397,"19701 Jones Points Apt. 762, West Ashley, MN 45357",,2025-02-25
CUST-000476,Troy,Gregory,justin20@example.com,001-898-778-7488x5512,"2342 Christopher Springs, Leeport, VT 97906",,2025-02-11
CUST-000477,Dana,Koch,timothydavis@example.com,+1-815-985-0808x86703,"917 Brian Mountain Suite 331, Bensonmouth, IA 77068",,2025-02-27
CUST-000478,Daniel,Anderson,fullerariana@example.net,+1-735-895-6322x6600,"0850 Allison Parks Apt. 148, Wrighttown, WI 82842",,2025-02-09
CUST-000479,Robin,Cervantes,lindsey02@example.org,001-658-598-8458x39739,"7929 Long Trail Suite 913, Alyssaview, LA 94827",,2025-02-20
CUST-000480,Michael,Hoffman,evelynherrera@example.net,849.969.6935,"58946 Page View Apt. 093, North Nicolas, OH 28636",,2025-02-04
CUST-000481,Ronald,West,joseph22@example.com,516-781-7754x13744,"68256 Smith Trail Apt. 621, New Lori, PW 75225",Smith-Heath,2025-02-11
CUST-000482,Jared,Villarreal,samantha83@example.org,5848753520,"67401 Hunter Course, North Christian, TN 66521",,2025-02-18
CUST-000483,Craig,Young,millerjennifer@example.net,+1-840-231-1630x3337,"3342 Anderson Gateway, South Robertohaven, PA 05942","Patel, Johnson and Roberts",2025-02-06
CUST-000484,Ethan,Williams,carlsonkeith@example.net,001-633-670-3984x48526,"327 Karen Mill, Torresfurt, MN 28394",,2025-02-23
CUST-000485,Emily,Wilkinson,brownwyatt@example.org,+1-698-373-4746x2355,"555 Melissa Skyway, Nolanshire, UT 82550",,2025-02-02
CUST-000486,John,Le,udavila@example.net,(979)289-6605,"2635 Ramirez Mountain Suite 475, New James, AR 98935",,2025-02-20
CUST-000487,Juan,Mullins,pamelaburgess@example.net,+1-785-231-9964x66031,"96050 Jacobson Wells Suite 296, Port Marcus, NM 33702",Smith-Williams,2025-02-21
CUST-000488,Adam,Olson,brentsnyder@example.com,750-341-1116x257,"2971 Duncan Port Suite 431, East Robert, IN 21690",,2025-02-19
CUST-000489,Michael,Graham,garnersergio@example.net,820-717-0602,"8637 Mary Vista, West Jeremy, WA 10913",,2025-02-10
CUST-000490,Micheal,Chapman,zwilson@example.org,974.687.5250,"494 Holder Estates, Michaelland, IA 80702","Brady, Lawson and Peters",2025-02-12
CUST-000491,Julia,Kelly,amandahorn@example.org,700-483-4321,"35469 Pamela Way, Williamview, OK 33417",,2025-02-16
CUST-000492,Daniel,Jimenez,byates@example.net,982-544-9326x07872,"57818 Melinda Track Apt. 018, Kellyside, AK 27389",Molina Group,2025-02-06
CUST-000493,James,Martinez,ericcamacho@example.com,9395726859,"162 Moreno Estates, South Elizabethport, AS 23017",,2025-02-16
CUST-000494,Billy,George,yflores@example.com,398.927.9294x21998,"2650 Lopez Pass Suite 294, Josephville, ID 92492",,2025-02-27
CUST-000495,Rhonda,Patrick,carlybrown@example.org,+1-383-270-4220x4038,"5624 Hansen Prairie Suite 933, New Rhonda, ID 54433",,2025-02-25
CUST-000496,Kelly,Blackwell,jorge93@example.org,(424)850-9816x665,"42945 Cory Drives Suite 567, Lisaside, OR 26310",,2025-02-10
CUST-000497,Cameron,Mitchell,kimberlydunn@example.org,(361)205-3153,"291 Bruce Drive Suite 105, North Catherine, DC 07819",,2025-02-09
CUST-000498,Jennifer,Moreno,thompsonchase@example.net,572.439.8747x2549,"0885 Timothy Fields Apt. 407, Christophershire, FM 48094",,2025-02-22
CUST-000499,Patricia,Marshall,rhonda94@example.org,(586)464-9258,"014 Conway Valley, Wrightton, AL 52632",,2025-02-16
CUST-000500,Lisa,Griffin,pthompson@example.org,+1-833-726-8903,"830 Jones Square, Scotttown, TN 16600",,2025-02-22
CUST-000501,Kelly,Jennings,jeremiah66@example.org,998.307.9586x2425,"9439 Richards Ridges Apt. 963, West Johnhaven, PA 30778",,2025-03-15
CUST-000502,Katelyn,Hunt,davismeagan@example.org,001-346-554-1495x287,"3307 Frederick Loop, New Jamieville, IL 56417",,2025-03-03
CUST-000503,Robert,Austin,zmontoya@example.net,+1-873-903-5569x826,"978 Schneider Springs, Lutzview, VT 81812",,2025-03-02
CUST-000504,John,Pace,courtneydaugherty@example.net,706-413-6075,"956 Ann Rest Apt. 364, South Anitastad, WY 94823",,2025-03-31
CUST-000505,William,Beard,mckinneysteven@example.org,001-944-796-8629,"66590 Cooper Mountain Apt. 244, Port Ana, WV 41471",,2025-03-07
CUST-000506,Susan,Rocha,garzalinda@example.org,+1-893-379-1003x1064,"668 Campos Burgs, West Debra, MP 65860",,2025-03-08
CUST-000507,John,Jones,qmcdonald@example.net,9212761449,"5929 Tyler Islands, Christineburgh, LA 06686",,2025-03-17
CUST-000508,Brandon,Mcneil,christian95@example.net,(473)297-2906x3116,"49592 Briana Forge, Port Meganbury, MA 82919",,2025-03-01
CUST-000509,Brandon,Pennington,theresabrown@example.com,+1-265-430-9881,"557 Contreras Bridge Suite 854, South Martha, WY 38391",,2025-03-09
CUST-000510,Scott,Woods,gerald67@example.com,001-817-599-2962x384,"38647 Carlson Club, South Eduardotown, AR 75304",,2025-03-05
CUST-000511,Jeffrey,Pruitt,melliott@example.org,+1-573-714-7323x404,"2050 Roberts Turnpike, New Lauramouth, GA 90700",,2025-03-13
CUST-000512,Joseph,Green,hannahsolomon@example.org,+1-672-984-9812x3212,"2805 Jennifer Drive, Thomasfurt, NM 78600",,2025-03-14
CUST-000513,Samantha,Simon,ycortez@example.org,001-925-938-7067,"77532 Bryan Cove Suite 705, Teresahaven, HI 84533",,2025-03-03
CUST-000514,Tiffany,Greene,williamrich@example.org,+1-464-449-0952,"49489 Lawrence View, South Shawnfurt, NH 86936","Bartlett, Fletcher and Medina",2025-03-03
CUST-000515,Christopher,Anderson,derricktorres@example.org,535-315-0517,"759 Jessica Plaza, North Josechester, FL 09468",,2025-03-15
CUST-000516,Candice,Moreno,progers@example.net,433.539.4176x5386,"47939 Joanna Dam Apt. 384, North Janet, TN 49705",,2025-03-11
CUST-000517,Catherine,Williams,manuelthomas@example.com,840-985-8624,"6636 Amanda Hill, Timothychester, PW 52236",Stanton PLC,2025-03-09
CUST-000518,Eric,Ross,ofrey@example.net,8446439738,"02055 Ryan Isle Apt. 491, Tamarachester, KS 89284",,2025-03-19
CUST-000519,Danielle,Taylor,mark07@example.org,(330)406-2230,"2045 Marshall Mills, West Kevin, ME 26587",,2025-03-15
CUST-000520,Karen,Murphy,gtucker@example.org,2078584772,"858 Jessica Isle, Moonborough, AZ 68224",,2025-03-03
CUST-000521,Angela,Williamson,sarahortiz@example.net,620-983-5553,"72287 James Course Suite 550, Bradberg, MA 45338",,2025-03-05
CUST-000522,Julie,Weaver,jenniferford@example.com,001-613-544-6008x177,"6125 Green Place, Aliciamouth, KS 47111",,2025-03-05
CUST-000523,Damon,Harris,martinezbeverly@example.net,(252)798-1303x995,"56569 Lewis Oval Apt. 250, Teresachester, DC 74156",,2025-03-02
CUST-000524,Timothy,Chan,kellie31@example.net,9603690119,"68826 Ortiz Canyon, Larryville, GU 10604",,2025-03-30
CUST-000525,Peter,Chung,megan88@example.net,(723)853-8648,"499 Bobby Summit, Coopermouth, AR 49187",,2025-03-03
CUST-000526,Lance,Rice,vwoods@example.com,(910)247-7473x18780,"37881 Mcintosh Rest, New Shannon, OH 25830",,2025-03-10
CUST-000527,Connie,Hayes,codydavis@example.net,222-660-2204x38011,"1932 Franco Springs Suite 146, Leebury, GU 08555",,2025-03-20
CUST-000528,Matthew,James,jacoblopez@example.org,603.254.1188,"42003 Lopez Cape, Patriciabury, TN 22849",,2025-03-05
CUST-000529,Jamie,Castillo,samuelvelasquez@example.net,406-369-1915x48900,"9476 Maxwell Fords, North Melissa, PW 56597",,2025-03-30
CUST-000530,Meghan,Evans,xlopez@example.org,+1-408-655-2980,"274 Ashley Circles Suite 735, East Meredithport, ID 88725",,2025-03-02
CUST-000531,Erica,Bryant,colemanann@example.net,001-577-277-9411x6729,"617 Rachel Mews, West Michelle, IN 31492",,2025-03-16
CUST-000532,Diane,Grant,christopher59@example.com,873.293.0312x8709,"560 Mercer Lake, North Jennifer, KS 61783",,2025-03-10
CUST-000533,Christine,Martin,omartinez@example.net,(464)468-7103,"883 Helen Centers, South Victoria, MO 80152",,2025-03-03
CUST-000534,Kevin,Bailey,qdixon@example.org,001-225-478-5119,"10421 Chad Street, Jenniferview, SC 73345",,2025-03-23
CUST-000535,Brittany,Miller,robyn64@example.net,(896)929-8520x8718,"03582 Johnson Mountain, Leeberg, NV 75382",,2025-03-27
CUST-000536,Katrina,Huynh,dustinsmith@example.com,(796)986-0293x861,"204 Newton Wells, West Jefferyshire, NJ 93733",,2025-03-19
CUST-000537,Steven,Bryant,bradley26@example.com,+1-288-218-7122x201,"227 Ray Lights, Port Juliefurt, CA 72362",,2025-03-06
CUST-000538,Kyle,Mcdowell,traceymcintosh@example.com,666.818.7338x789,"96417 Houston Meadow Suite 040, Michaelfort, KS 09360",,2025-03-12
CUST-000539,Joshua,Bell,scottmclaughlin@example.org,+1-330-812-0529x331,"29191 Jeremy Knoll Apt. 963, South Jayfort, MS 48743",,2025-04-19
CUST-000540,Travis,King,paul78@example.net,001-432-862-9537x53131,"24146 Kenneth Mountain Apt. 348, North Zachary, AZ 26720",,2025-04-02
CUST-000541,Sheila,Poole,jon30@example.net,542-578-5451,"478 Nicole Valley Suite 011, Lake Nancystad, SC 24979",,2025-04-11
CUST-000542,Jasmine,Reed,grasmussen@example.net,598-665-9034,"7853 Michael Villages, Noahside, NH 04283",,2025-04-14
CUST-000543,Debra,Whitaker,tiffany92@example.org,495-860-9472x3595,"04889 Yu Via Apt. 522, East Brandon, WV 00941",,2025-04-14
CUST-000544,Nicole,Mcmillan,gregory35@example.net,980-620-7692x6623,"7475 Miller Port, Andreafort, WA 87574",,2025-04-22
CUST-000545,Jason,Molina,acole@example.com,001-476-239-9118x8231,"8210 Michael Center, Lindseyborough, IN 41029",,2025-04-08
CUST-000546,Nicole,Allen,brandon48@example.net,(201)600-6689x4449,"7129 Todd Circle, Port Josephside, CT 06499",,2025-04-14
CUST-000547,Danny,Fields,mcguirealbert@example.org,(757)752-0818x5847,"6326 Jessica Inlet Apt. 888, Lake Deborahborough, NM 73569",,2025-04-21
CUST-000548,Suzanne,Riley,jackbarnes@example.org,387-671-5572x916,"36855 Ryan Mews, Vargasmouth, AZ 91303",,2025-04-15
CUST-000549,Nancy,Allen,rosalessarah@example.net,+1-366-486-4523x89908,"1609 Ryan Station, South Thomasburgh, NH 76631",,2025-04-20
CUST-000550,Noah,Leon,ortiznicholas@example.net,496.205.4209,"31975 Omar Common, Millsview, IA 83947",,2025-04-07
CUST-000551,Taylor,Allen,hcooper@example.org,578-925-0324x71760,"38663 Thomas Roads, East Leah, GA 57685",,2025-04-28
CUST-000552,Mary,Rivera,rlane@example.org,238.886.1586x2162,"9467 Manuel Lakes Apt. 216, North Jamieport, ND 10451",,2025-04-16
CUST-000553,Kelly,White,aflowers@example.org,(601)549-4566x3361,"2246 Evans Shore, Roachbury, FM 54679",,2025-04-04
CUST-000554,Robert,Lopez,rrandall@example.org,001-542-413-4266x12098,"867 Delgado Ramp Apt. 534, South Daisy, IN 69778",,2025-04-15
CUST-000555,Mark,Nelson,ryan24@example.org,(552)890-5104,"50798 Vincent Glen Apt. 710, Moorefort, WY 88601",,2025-04-09
CUST-000556,Nicholas,Joseph,ronaldadams@example.com,846.646.8341,"426 White Stravenue, Tuckerberg, HI 62416",,2025-04-09
CUST-000557,Willie,Lee,bcraig@example.net,+1-783-227-3554x026,"00252 Scott Turnpike, West Karenview, DE 14823",,2025-04-08
CUST-000558,Rhonda,White,anthonydyer@example.net,361-814-7336,"059 Sanders Walk, Valenzuelamouth, VA 43824",,2025-04-01
CUST-000559,Carol,Baker,michael84@example.com,(463)654-6593,"0768 Lloyd Track Apt. 815, South David, CA 36332",,2025-04-14
CUST-000560,Heather,Bradford,duncanjohn@example.com,(327)299-5391x060,"00400 Donald Parks, Garyberg, NY 41183",,2025-04-21
CUST-000561,Gary,Callahan,bvasquez@example.com,264-925-9195x08272,"707 Mary Lakes Apt. 128, West Davidmouth, IN 50402","Bradley, Wright and Johnson",2025-04-11
CUST-000562,David,Olson,alexandra51@example.com,(506)993-5809,"5175 Robert Stravenue, North Deniseshire, KS 48693",,2025-04-09
CUST-000563,Victoria,Brown,gabriela35@example.org,530.628.8200,"3187 Jennifer Turnpike, New Amandaborough, AK 40381",,2025-04-24
CUST-000564,Ashley,Friedman,david55@example.com,001-517-332-2625x823,"8987 Reese Lakes, Howardbury, CO 30454",,2025-04-17
CUST-000565,Amy,Pierce,nicole20@example.org,413.427.8919,"922 Rosales Glens, Grayberg, PR 52665",,2025-04-04
CUST-000566,Jeffrey,Wells,fross@example.org,938.656.7684,"530 Jeremiah Trail Suite 866, Terrellmouth, VT 13806",,2025-04-25
CUST-000567,Michael,Montes,palexander@example.org,956-870-9022x49759,"223 Teresa Cove Apt. 746, South Nathanbury, MH 74760",,2025-04-15
CUST-000568,Jeffrey,Smith,brookeadams@example.net,894-648-6096,"901 Lauren Cliffs, Timothyport, OR 04469",,2025-04-06
CUST-000569,Keith,Page,christophergarcia@example.com,698.241.8971x408,"1445 Jennifer Union Suite 991, Laurenmouth, AS 51607",,2025-04-08
CUST-000570,Jasmine,Norris,fernandezshane@example.org,674.404.0359,"01159 Lopez Points, Curtisshire, GU 16655",,2025-04-15
CUST-000571,Harold,Miller,rachelrojas@example.com,8919671744,"587 Stacey Dam Apt. 030, North Heatherside, NH 24328",,2025-04-25
CUST-000572,Whitney,Goodwin,meagansmith@example.com,001-879-899-6979,"9394 Lambert Ville Apt. 001, Johnsonton, TX 79491",,2025-04-17
CUST-000573,Aaron,Graham,rmathews@example.com,001-646-692-6841,"8151 Deborah Drive Apt. 595, East April, PR 90215",,2025-04-22
CUST-000574,Melissa,Edwards,brianhickman@example.org,(880)519-8699x84977,"623 Alec Greens Apt. 203, East Shelbyton, NV 08788",,2025-04-03
