DesignID,OrderID,CustomerID,DesignStyle,PrimaryMaterial,ColorPalette,DesignStatus,SubmittedDate,ApprovedDate,Notes
DES-0000022,ORD-0000022,CUST-000018,Minimalist,Stainless Steel,Natural Wood Tones,Approved,2024-01-12,2024-02-05,
DES-0000011,ORD-0000011,CUST-000008,Industrial,MDF,Natural Wood Tones,Approved,2024-01-29,2024-02-12,
DES-0000029,ORD-0000029,CUST-000012,Modern,Premium Plywood,Whites & Grays,Approved,2024-01-27,2024-02-16,
DES-0000001,ORD-0000001,CUST-000001,Rustic,Solid Oak,Bold Accent Colors,Approved,2024-01-30,2024-02-16,
DES-0000018,ORD-0000018,CUST-000014,Farmhouse,Premium Plywood,Natural Wood Tones,Approved,2024-01-31,2024-02-19,Produce alone important such.
DES-0000015,ORD-0000015,CUST-000011,Rustic,Stainless Steel,Bold Accent Colors,Approved,2024-01-31,2024-02-21,
DES-0000024,ORD-0000024,CUST-000015,Industrial,MDF,Dark & Moody,Approved,2024-02-05,2024-02-12,
DES-0000026,ORD-0000026,CUST-000020,Minimalist,Stainless Steel,Whites & Grays,Approved,2024-01-31,2024-02-16,
DES-0000007,ORD-0000007,CUST-000005,Luxury,Premium Plywood,Dark & Moody,Approved,2024-02-06,2024-02-11,
DES-0000009,ORD-0000009,CUST-000006,Rustic,Solid Oak,Dark & Moody,Approved,2024-02-02,2024-02-12,
DES-0000025,ORD-0000025,CUST-000016,Shaker,Premium Plywood,Bold Accent Colors,Approved,2024-02-03,2024-02-19,
DES-0000003,ORD-0000003,CUST-000001,Farmhouse,Maple Veneer,Dark & Moody,Approved,2024-02-05,2024-02-12,
DES-0000014,ORD-0000014,CUST-000010,Minimalist,Stainless Steel,Bold Accent Colors,Approved,2024-02-05,2024-02-12,
DES-0000021,ORD-0000021,CUST-000017,Industrial,Maple Veneer,Dark & Moody,Approved,2024-02-06,2024-02-15,
DES-0000006,ORD-0000006,CUST-000004,Industrial,Solid Oak,Bold Accent Colors,Approved,2024-02-09,2024-02-16,
DES-0000012,ORD-0000012,CUST-000009,Shaker,Maple Veneer,Dark & Moody,Approved,2024-02-07,2024-02-15,
DES-0000016,ORD-0000016,CUST-000012,Minimalist,Stainless Steel,Pastel Hues,Approved,2024-02-11,2024-02-19,Subject bed money ok get PM.
DES-0000023,ORD-0000023,CUST-000019,Industrial,Premium Plywood,Whites & Grays,Approved,2024-02-12,2024-02-20,
DES-0000013,ORD-0000013,CUST-000003,Luxury,Premium Plywood,Whites & Grays,Approved,2024-02-15,2024-02-26,
DES-0000002,ORD-0000002,CUST-000001,Rustic,Premium Plywood,Natural Wood Tones,Approved,2024-02-15,2024-03-03,
DES-0000010,ORD-0000010,CUST-000007,Luxury,Solid Walnut,Natural Wood Tones,Approved,2024-02-19,2024-03-09,Knowledge practice late direction cultural these system.
DES-0000095,ORD-0000095,CUST-000074,Minimalist,Solid Walnut,Dark & Moody,Approved,2024-02-16,2024-02-26,
DES-0000019,ORD-0000019,CUST-000015,Modern,MDF,Bold Accent Colors,Approved,2024-02-19,2024-02-29,Difference three arm fight control and.
DES-0000069,ORD-0000069,CUST-000055,Minimalist,Solid Oak,Whites & Grays,Approved,2024-02-19,2024-02-26,
DES-0000076,ORD-0000076,CUST-000060,Modern,Solid Walnut,Whites & Grays,Approved,2024-02-17,2024-03-14,
DES-0000004,ORD-0000004,CUST-000002,Rustic,Premium Plywood,Pastel Hues,Approved,2024-02-22,2024-03-13,
DES-0000031,ORD-0000031,CUST-000022,Shaker,Premium Plywood,Bold Accent Colors,Approved,2024-02-23,2024-03-04,
DES-0000005,ORD-0000005,CUST-000003,Luxury,Solid Oak,Pastel Hues,Approved,2024-03-02,2024-03-13,
DES-0000093,ORD-0000093,CUST-000072,Farmhouse,Solid Oak,Bold Accent Colors,Approved,2024-02-27,2024-03-06,
DES-0000020,ORD-0000020,CUST-000016,Shaker,Solid Oak,Natural Wood Tones,Approved,2024-02-28,2024-03-20,
DES-0000032,ORD-0000032,CUST-000005,Luxury,Stainless Steel,Dark & Moody,Approved,2024-02-29,2024-03-18,
DES-0000059,ORD-0000059,CUST-000046,Modern,Premium Plywood,Bold Accent Colors,Approved,2024-03-01,2024-03-11,
DES-0000053,ORD-0000053,CUST-000041,Luxury,Premium Plywood,Pastel Hues,Approved,2024-03-03,2024-03-25,Officer charge drive service month possible debate.
DES-0000034,ORD-0000034,CUST-000024,Farmhouse,Solid Oak,Whites & Grays,Approved,2024-03-04,2024-03-13,
DES-0000057,ORD-0000057,CUST-000044,Shaker,MDF,Whites & Grays,Approved,2024-03-06,2024-03-22,
DES-0000088,ORD-0000088,CUST-000011,Modern,Solid Oak,Pastel Hues,Approved,2024-03-03,2024-03-31,
DES-0000056,ORD-0000056,CUST-000043,Rustic,Solid Walnut,Natural Wood Tones,Approved,2024-03-08,2024-03-26,
DES-0000068,ORD-0000068,CUST-000054,Farmhouse,Solid Oak,Bold Accent Colors,Approved,2024-03-05,2024-03-13,
DES-0000046,ORD-0000046,CUST-000035,Industrial,MDF,Dark & Moody,Approved,2024-03-05,2024-03-11,
DES-0000074,ORD-0000074,CUST-000016,Modern,Solid Walnut,Dark & Moody,Approved,2024-03-05,2024-03-12,
DES-0000055,ORD-0000055,CUST-000011,Industrial,Maple Veneer,Whites & Grays,Approved,2024-03-05,2024-03-21,Everybody together church between certain against yard girl.
DES-0000092,ORD-0000092,CUST-000028,Farmhouse,Maple Veneer,Dark & Moody,Approved,2024-03-07,2024-03-19,
DES-0000037,ORD-0000037,CUST-000026,Rustic,Stainless Steel,Pastel Hues,Approved,2024-03-11,2024-03-20,Education method debate per land newspaper.
DES-0000064,ORD-0000064,CUST-000050,Modern,Solid Oak,Bold Accent Colors,Approved,2024-03-11,2024-03-18,End hour along senior end many suffer.
DES-0000075,ORD-0000075,CUST-000059,Shaker,Maple Veneer,Whites & Grays,Approved,2024-03-08,2024-04-12,
DES-0000043,ORD-0000043,CUST-000032,Industrial,Solid Walnut,Natural Wood Tones,Approved,2024-03-11,2024-03-18,
DES-0000061,ORD-0000061,CUST-000047,Luxury,Maple Veneer,Whites & Grays,Approved,2024-03-11,2024-03-16,
DES-0000081,ORD-0000081,CUST-000064,Farmhouse,Premium Plywood,Bold Accent Colors,Approved,2024-03-11,2024-03-20,
DES-0000089,ORD-0000089,CUST-000049,Industrial,Premium Plywood,Dark & Moody,Approved,2024-03-10,2024-03-18,
DES-0000045,ORD-0000045,CUST-000034,Modern,Maple Veneer,Bold Accent Colors,Approved,2024-03-12,2024-03-26,
DES-0000047,ORD-0000047,CUST-000036,Minimalist,Solid Walnut,Natural Wood Tones,Approved,2024-03-12,2024-03-22,
DES-0000051,ORD-0000051,CUST-000039,Rustic,Maple Veneer,Pastel Hues,Approved,2024-03-15,2024-03-20,
DES-0000042,ORD-0000042,CUST-000031,Rustic,Solid Oak,Pastel Hues,Approved,2024-03-13,2024-03-25,
DES-0000052,ORD-0000052,CUST-000040,Farmhouse,Solid Walnut,Bold Accent Colors,Approved,2024-03-13,2024-04-03,
DES-0000062,ORD-0000062,CUST-000048,Luxury,Solid Oak,Natural Wood Tones,Approved,2024-03-13,2024-04-12,Able some responsibility hand.
DES-0000036,ORD-0000036,CUST-000006,Modern,Maple Veneer,Dark & Moody,Approved,2024-03-14,2024-04-01,
DES-0000038,ORD-0000038,CUST-000027,Luxury,Solid Walnut,Whites & Grays,Approved,2024-03-16,2024-03-25,
DES-0000080,ORD-0000080,CUST-000029,Shaker,MDF,Dark & Moody,Approved,2024-03-15,2024-03-18,
DES-0000033,ORD-0000033,CUST-000023,Farmhouse,Stainless Steel,Whites & Grays,Approved,2024-03-18,2024-03-24,
DES-0000049,ORD-0000049,CUST-000014,Rustic,Solid Oak,Whites & Grays,Approved,2024-03-18,2024-03-24,
DES-0000118,ORD-0000118,CUST-000089,Farmhouse,Solid Oak,Bold Accent Colors,Approved,2024-03-22,2024-04-03,
DES-0000094,ORD-0000094,CUST-000073,Industrial,Solid Walnut,Bold Accent Colors,Approved,2024-03-16,2024-03-20,Watch protect paper eat industry.
DES-0000087,ORD-0000087,CUST-000069,Luxury,MDF,Bold Accent Colors,Approved,2024-03-22,2024-03-26,
DES-0000085,ORD-0000085,CUST-000002,Minimalist,Stainless Steel,Pastel Hues,Approved,2024-03-19,2024-03-25,
DES-0000121,ORD-0000121,CUST-000027,Farmhouse,Maple Veneer,Natural Wood Tones,Approved,2024-03-19,2024-04-02,
DES-0000065,ORD-0000065,CUST-000051,Minimalist,MDF,Pastel Hues,Approved,2024-03-20,2024-04-01,
DES-0000090,ORD-0000090,CUST-000070,Industrial,Stainless Steel,Dark & Moody,Approved,2024-03-22,2024-04-04,
DES-0000097,ORD-0000097,CUST-000076,Modern,Maple Veneer,Whites & Grays,Approved,2024-03-25,2024-03-29,
DES-0000100,ORD-0000100,CUST-000059,Rustic,Solid Walnut,Natural Wood Tones,Approved,2024-03-25,2024-04-06,Challenge century sit or future side.
DES-0000109,ORD-0000109,CUST-000082,Minimalist,Maple Veneer,Natural Wood Tones,Approved,2024-03-25,2024-05-08,
DES-0000096,ORD-0000096,CUST-000075,Farmhouse,Maple Veneer,Whites & Grays,Approved,2024-03-25,2024-04-05,Learn away family bag.
DES-0000072,ORD-0000072,CUST-000057,Minimalist,Solid Oak,Whites & Grays,Approved,2024-03-25,2024-04-03,
DES-0000083,ORD-0000083,CUST-000066,Minimalist,Premium Plywood,Dark & Moody,Approved,2024-03-24,2024-04-01,
DES-0000101,ORD-0000101,CUST-000001,Industrial,Maple Veneer,Dark & Moody,Approved,2024-03-27,2024-04-08,
DES-0000106,ORD-0000106,CUST-000032,Shaker,Stainless Steel,Dark & Moody,Approved,2024-03-26,2024-04-01,
DES-0000082,ORD-0000082,CUST-000065,Farmhouse,MDF,Pastel Hues,Approved,2024-03-26,2024-04-01,Color list economy discuss cup.
DES-0000098,ORD-0000098,CUST-000037,Shaker,MDF,Dark & Moody,Approved,2024-03-27,2024-04-08,
DES-0000073,ORD-0000073,CUST-000058,Farmhouse,MDF,Natural Wood Tones,Approved,2024-03-28,2024-04-09,
DES-0000125,ORD-0000125,CUST-000093,Shaker,Premium Plywood,Natural Wood Tones,Approved,2024-03-31,2024-04-08,
DES-0000117,ORD-0000117,CUST-000088,Minimalist,MDF,Whites & Grays,Approved,2024-04-03,2024-04-30,
DES-0000124,ORD-0000124,CUST-000092,Minimalist,Solid Walnut,Dark & Moody,Approved,2024-04-03,2024-04-17,He out prove join easy each.
DES-0000126,ORD-0000126,CUST-000094,Luxury,Premium Plywood,Natural Wood Tones,Approved,2024-04-05,2024-04-08,Wife five red staff.
DES-0000104,ORD-0000104,CUST-000079,Minimalist,Solid Walnut,Pastel Hues,Approved,2024-04-10,2024-04-26,
DES-0000115,ORD-0000115,CUST-000086,Rustic,Solid Oak,Pastel Hues,Approved,2024-04-11,2024-04-25,
DES-0000103,ORD-0000103,CUST-000078,Minimalist,Solid Walnut,Bold Accent Colors,Approved,2024-04-10,2024-04-30,Public phone before.
DES-0000035,ORD-0000035,CUST-000025,Rustic,Premium Plywood,Whites & Grays,Approved,2024-04-15,2024-04-30,
DES-0000177,ORD-0000177,CUST-000125,Industrial,Solid Oak,Dark & Moody,Approved,2024-04-16,2024-05-06,
DES-0000182,ORD-0000182,CUST-000135,Shaker,Stainless Steel,Natural Wood Tones,Approved,2024-04-18,2024-04-23,
DES-0000107,ORD-0000107,CUST-000080,Minimalist,Solid Oak,Pastel Hues,Approved,2024-04-22,2024-05-01,
DES-0000112,ORD-0000112,CUST-000042,Farmhouse,Solid Walnut,Natural Wood Tones,Approved,2024-04-29,2024-05-08,
DES-0000194,ORD-0000194,CUST-000142,Minimalist,Premium Plywood,Dark & Moody,Approved,2024-04-19,2024-04-25,
DES-0000102,ORD-0000102,CUST-000001,Industrial,Maple Veneer,Whites & Grays,Approved,2024-05-06,2024-05-09,
DES-0000108,ORD-0000108,CUST-000081,Rustic,Solid Oak,Bold Accent Colors,Approved,2024-04-26,2024-05-05,
DES-0000127,ORD-0000127,CUST-000095,Industrial,Stainless Steel,Pastel Hues,Approved,2024-04-22,2024-05-02,Simple parent common laugh.
DES-0000170,ORD-0000170,CUST-000128,Farmhouse,Premium Plywood,Bold Accent Colors,Approved,2024-04-23,2024-05-22,Some force rest his husband part much.
DES-0000070,ORD-0000070,CUST-000049,Minimalist,Solid Oak,Natural Wood Tones,Approved,2024-04-25,2024-05-02,Budget measure generation water star chair.
DES-0000157,ORD-0000157,CUST-000119,Shaker,Premium Plywood,Whites & Grays,Approved,2024-04-29,2024-05-17,
DES-0000152,ORD-0000152,CUST-000114,Rustic,Solid Walnut,Bold Accent Colors,Approved,2024-04-25,2024-04-30,
DES-0000200,ORD-0000200,CUST-000146,Industrial,Stainless Steel,Bold Accent Colors,Approved,2024-05-06,2024-05-24,
DES-0000153,ORD-0000153,CUST-000115,Shaker,Solid Walnut,Bold Accent Colors,Approved,2024-04-28,2024-05-15,
DES-0000143,ORD-0000143,CUST-000108,Minimalist,Stainless Steel,Bold Accent Colors,Approved,2024-04-29,2024-05-06,Behavior growth there.
DES-0000099,ORD-0000099,CUST-000077,Farmhouse,Maple Veneer,Bold Accent Colors,Approved,2024-04-30,2024-05-10,
DES-0000113,ORD-0000113,CUST-000084,Industrial,Premium Plywood,Bold Accent Colors,Approved,2024-04-30,2024-05-06,
DES-0000181,ORD-0000181,CUST-000094,Industrial,Solid Oak,Dark & Moody,Approved,2024-04-30,2024-05-13,
DES-0000128,ORD-0000128,CUST-000011,Minimalist,Premium Plywood,Natural Wood Tones,Approved,2024-05-03,2024-05-23,
DES-0000136,ORD-0000136,CUST-000101,Shaker,Maple Veneer,Dark & Moody,Approved,2024-05-03,2024-05-21,House sea remember lead around attention together.
DES-0000137,ORD-0000137,CUST-000102,Minimalist,Premium Plywood,Whites & Grays,Approved,2024-05-01,2024-05-14,
DES-0000158,ORD-0000158,CUST-000120,Industrial,Maple Veneer,Natural Wood Tones,Approved,2024-05-01,2024-05-13,
DES-0000191,ORD-0000191,CUST-000035,Shaker,MDF,Dark & Moody,Approved,2024-05-01,2024-05-17,
DES-0000129,ORD-0000129,CUST-000096,Modern,Premium Plywood,Dark & Moody,Approved,2024-05-03,2024-05-11,
DES-0000165,ORD-0000165,CUST-000125,Rustic,Premium Plywood,Dark & Moody,Approved,2024-05-06,2024-05-11,
DES-0000135,ORD-0000135,CUST-000100,Industrial,MDF,Dark & Moody,Approved,2024-05-06,2024-05-13,
DES-0000189,ORD-0000189,CUST-000139,Luxury,Premium Plywood,Natural Wood Tones,Approved,2024-05-04,2024-05-27,
DES-0000171,ORD-0000171,CUST-000129,Minimalist,Solid Oak,Whites & Grays,Approved,2024-05-08,2024-05-14,Challenge fish room direction data.
DES-0000139,ORD-0000139,CUST-000104,Farmhouse,Solid Oak,Whites & Grays,Approved,2024-05-06,2024-05-26,
DES-0000142,ORD-0000142,CUST-000107,Luxury,Maple Veneer,Natural Wood Tones,Approved,2024-05-08,2024-05-13,
DES-0000173,ORD-0000173,CUST-000131,Luxury,MDF,Pastel Hues,Approved,2024-05-08,2024-05-30,
DES-0000201,ORD-0000201,CUST-000147,Farmhouse,Maple Veneer,Pastel Hues,Approved,2024-05-08,2024-05-18,
DES-0000185,ORD-0000185,CUST-000136,Industrial,Maple Veneer,Dark & Moody,Approved,2024-05-09,2024-06-03,
DES-0000144,ORD-0000144,CUST-000109,Luxury,Premium Plywood,Pastel Hues,Approved,2024-05-11,2024-05-25,Thought sell just leader everything free difference past.
DES-0000161,ORD-0000161,CUST-000122,Luxury,Stainless Steel,Natural Wood Tones,Approved,2024-05-09,2024-05-17,
DES-0000168,ORD-0000168,CUST-000028,Industrial,Stainless Steel,Pastel Hues,Approved,2024-05-10,2024-05-20,
DES-0000141,ORD-0000141,CUST-000106,Modern,Solid Oak,Bold Accent Colors,Approved,2024-05-10,2024-05-16,
DES-0000192,ORD-0000192,CUST-000140,Farmhouse,Solid Oak,Dark & Moody,Approved,2024-05-14,2024-05-19,
DES-0000133,ORD-0000133,CUST-000099,Luxury,Premium Plywood,Natural Wood Tones,Approved,2024-05-12,2024-05-18,
DES-0000149,ORD-0000149,CUST-000113,Farmhouse,Solid Walnut,Dark & Moody,Approved,2024-05-14,2024-05-30,
DES-0000156,ORD-0000156,CUST-000118,Rustic,Maple Veneer,Dark & Moody,Approved,2024-05-20,2024-06-07,
DES-0000186,ORD-0000186,CUST-000086,Industrial,Premium Plywood,Pastel Hues,Approved,2024-05-17,2024-05-20,
DES-0000190,ORD-0000190,CUST-000067,Modern,Premium Plywood,Whites & Grays,Approved,2024-05-16,2024-05-26,
DES-0000224,ORD-0000224,CUST-000068,Rustic,Maple Veneer,Whites & Grays,Approved,2024-05-16,2024-05-24,
DES-0000131,ORD-0000131,CUST-000069,Modern,Solid Oak,Pastel Hues,Approved,2024-05-19,2024-06-07,
DES-0000178,ORD-0000178,CUST-000132,Modern,Solid Walnut,Bold Accent Colors,Approved,2024-05-17,2024-05-24,
DES-0000204,ORD-0000204,CUST-000050,Shaker,Solid Oak,Bold Accent Colors,Approved,2024-05-22,2024-06-03,
DES-0000220,ORD-0000220,CUST-000159,Farmhouse,Stainless Steel,Pastel Hues,Approved,2024-05-17,2024-05-23,
DES-0000130,ORD-0000130,CUST-000097,Modern,Solid Walnut,Bold Accent Colors,Approved,2024-05-22,2024-05-30,Treatment trade side ability edge response that.
DES-0000198,ORD-0000198,CUST-000037,Luxury,MDF,Dark & Moody,Approved,2024-05-22,2024-05-30,Easy admit rise budget soldier.
DES-0000188,ORD-0000188,CUST-000138,Rustic,Solid Oak,Pastel Hues,Approved,2024-05-20,2024-06-09,
DES-0000213,ORD-0000213,CUST-000154,Rustic,Maple Veneer,Bold Accent Colors,Approved,2024-05-19,2024-06-09,
DES-0000258,ORD-0000258,CUST-000096,Modern,Stainless Steel,Whites & Grays,Approved,2024-05-23,2024-05-28,Trouble ago green impact deep soldier organization.
DES-0000154,ORD-0000154,CUST-000116,Rustic,Solid Oak,Pastel Hues,Approved,2024-05-21,2024-05-27,Part value their medical hospital technology meeting almost.
DES-0000150,ORD-0000150,CUST-000071,Farmhouse,MDF,Dark & Moody,Approved,2024-05-21,2024-05-26,
DES-0000163,ORD-0000163,CUST-000123,Industrial,MDF,Natural Wood Tones,Approved,2024-05-21,2024-06-05,Blood face live color.
DES-0000179,ORD-0000179,CUST-000133,Minimalist,MDF,Whites & Grays,Approved,2024-05-21,2024-07-01,
DES-0000148,ORD-0000148,CUST-000112,Farmhouse,Solid Walnut,Natural Wood Tones,Approved,2024-05-27,2024-06-10,
DES-0000172,ORD-0000172,CUST-000130,Minimalist,Solid Oak,Pastel Hues,Approved,2024-05-28,2024-06-05,
DES-0000197,ORD-0000197,CUST-000052,Luxury,Solid Walnut,Whites & Grays,Approved,2024-05-25,2024-06-05,
DES-0000175,ORD-0000175,CUST-000062,Rustic,Premium Plywood,Pastel Hues,Approved,2024-05-27,2024-06-10,
DES-0000236,ORD-0000236,CUST-000146,Rustic,Maple Veneer,Whites & Grays,Approved,2024-05-27,2024-06-14,
DES-0000145,ORD-0000145,CUST-000110,Industrial,Maple Veneer,Dark & Moody,Approved,2024-05-27,2024-06-19,Customer mouth develop friend middle place.
DES-0000248,ORD-0000248,CUST-000179,Shaker,Maple Veneer,Bold Accent Colors,Approved,2024-05-28,2024-06-03,
DES-0000155,ORD-0000155,CUST-000117,Minimalist,Maple Veneer,Pastel Hues,Approved,2024-05-28,2024-06-02,
DES-0000169,ORD-0000169,CUST-000127,Farmhouse,MDF,Pastel Hues,Approved,2024-06-03,2024-06-08,Ahead the owner question.
DES-0000187,ORD-0000187,CUST-000137,Minimalist,Maple Veneer,Dark & Moody,Approved,2024-05-29,2024-06-11,
DES-0000230,ORD-0000230,CUST-000165,Modern,Maple Veneer,Natural Wood Tones,Approved,2024-05-29,2024-06-27,
DES-0000138,ORD-0000138,CUST-000103,Farmhouse,Solid Oak,Dark & Moody,Approved,2024-05-31,2024-06-06,
DES-0000147,ORD-0000147,CUST-000111,Luxury,Solid Walnut,Whites & Grays,Approved,2024-05-29,2024-06-17,During heart democratic government compare employee.
DES-0000208,ORD-0000208,CUST-000152,Industrial,Solid Oak,Bold Accent Colors,Approved,2024-05-30,2024-06-08,
DES-0000225,ORD-0000225,CUST-000127,Shaker,Solid Oak,Dark & Moody,Approved,2024-05-30,2024-06-14,
DES-0000232,ORD-0000232,CUST-000157,Minimalist,Solid Walnut,Bold Accent Colors,Approved,2024-05-30,2024-06-08,
DES-0000221,ORD-0000221,CUST-000160,Modern,Premium Plywood,Bold Accent Colors,Approved,2024-06-03,2024-06-19,
DES-0000228,ORD-0000228,CUST-000127,Modern,Premium Plywood,Natural Wood Tones,Approved,2024-06-03,2024-06-12,
DES-0000227,ORD-0000227,CUST-000027,Minimalist,MDF,Bold Accent Colors,Approved,2024-06-01,2024-06-24,Television section morning budget plan kind.
DES-0000229,ORD-0000229,CUST-000164,Farmhouse,Solid Oak,Pastel Hues,Approved,2024-06-01,2024-06-09,
DES-0000233,ORD-0000233,CUST-000041,Modern,Maple Veneer,Bold Accent Colors,Approved,2024-06-04,2024-06-17,Ago quality hour.
DES-0000245,ORD-0000245,CUST-000176,Minimalist,Solid Oak,Dark & Moody,Approved,2024-06-03,2024-06-07,Under level research themselves.
DES-0000237,ORD-0000237,CUST-000169,Industrial,Stainless Steel,Whites & Grays,Approved,2024-06-03,2024-06-11,Smile cost turn choose.
DES-0000243,ORD-0000243,CUST-000174,Farmhouse,Stainless Steel,Dark & Moody,Approved,2024-06-04,2024-06-17,
DES-0000255,ORD-0000255,CUST-000184,Farmhouse,Solid Walnut,Whites & Grays,Approved,2024-06-04,2024-06-08,
DES-0000246,ORD-0000246,CUST-000177,Minimalist,Maple Veneer,Pastel Hues,Approved,2024-06-10,2024-06-24,
DES-0000218,ORD-0000218,CUST-000157,Modern,Stainless Steel,Pastel Hues,Approved,2024-06-06,2024-07-08,
DES-0000242,ORD-0000242,CUST-000173,Industrial,Solid Walnut,Pastel Hues,Approved,2024-06-05,2024-06-23,
DES-0000250,ORD-0000250,CUST-000163,Modern,Stainless Steel,Pastel Hues,Approved,2024-06-07,2024-06-14,
DES-0000222,ORD-0000222,CUST-000161,Minimalist,Stainless Steel,Whites & Grays,Approved,2024-06-08,2024-06-14,
DES-0000231,ORD-0000231,CUST-000166,Shaker,Solid Oak,Pastel Hues,Approved,2024-06-12,2024-06-26,
DES-0000241,ORD-0000241,CUST-000172,Rustic,Stainless Steel,Pastel Hues,Approved,2024-06-12,2024-06-24,Thus summer speak.
DES-0000256,ORD-0000256,CUST-000185,Luxury,Maple Veneer,Dark & Moody,Approved,2024-06-11,2024-06-20,
DES-0000215,ORD-0000215,CUST-000065,Modern,Solid Oak,Whites & Grays,Approved,2024-06-11,2024-06-17,
DES-0000219,ORD-0000219,CUST-000158,Minimalist,MDF,Natural Wood Tones,Approved,2024-06-15,2024-07-03,
DES-0000280,ORD-0000280,CUST-000200,Farmhouse,Maple Veneer,Dark & Moody,Approved,2024-06-14,2024-06-26,Citizen tree street meet clear.
DES-0000206,ORD-0000206,CUST-000150,Luxury,Solid Walnut,Dark & Moody,Approved,2024-06-13,2024-06-21,
DES-0000207,ORD-0000207,CUST-000151,Minimalist,Premium Plywood,Bold Accent Colors,Approved,2024-06-19,2024-07-03,Organization show major.
DES-0000209,ORD-0000209,CUST-000153,Minimalist,Solid Walnut,Pastel Hues,Approved,2024-06-18,2024-06-24,
DES-0000281,ORD-0000281,CUST-000082,Modern,Stainless Steel,Bold Accent Colors,Approved,2024-06-17,2024-06-20,
DES-0000321,ORD-0000321,CUST-000227,Luxury,Maple Veneer,Bold Accent Colors,Approved,2024-06-17,2024-07-15,
DES-0000210,ORD-0000210,CUST-000135,Minimalist,Stainless Steel,Pastel Hues,Approved,2024-06-19,2024-07-14,
DES-0000302,ORD-0000302,CUST-000215,Luxury,Maple Veneer,Whites & Grays,Approved,2024-06-21,2024-06-26,
DES-0000238,ORD-0000238,CUST-000170,Farmhouse,Maple Veneer,Pastel Hues,Approved,2024-06-24,2024-07-08,
DES-0000305,ORD-0000305,CUST-000217,Luxury,Stainless Steel,Dark & Moody,Approved,2024-06-24,2024-06-28,
DES-0000312,ORD-0000312,CUST-000033,Farmhouse,Stainless Steel,Pastel Hues,Approved,2024-06-20,2024-06-30,
DES-0000265,ORD-0000265,CUST-000192,Farmhouse,Solid Oak,Whites & Grays,Approved,2024-06-28,2024-07-03,
DES-0000288,ORD-0000288,CUST-000206,Rustic,MDF,Bold Accent Colors,Approved,2024-06-24,2024-07-08,
DES-0000314,ORD-0000314,CUST-000081,Luxury,MDF,Natural Wood Tones,Approved,2024-06-23,2024-07-01,
DES-0000253,ORD-0000253,CUST-000183,Industrial,Stainless Steel,Dark & Moody,Approved,2024-06-27,2024-07-14,
DES-0000266,ORD-0000266,CUST-000193,Industrial,Premium Plywood,Bold Accent Colors,Approved,2024-06-25,2024-07-08,
DES-0000269,ORD-0000269,CUST-000194,Rustic,Stainless Steel,Natural Wood Tones,Approved,2024-06-28,2024-07-19,
DES-0000234,ORD-0000234,CUST-000167,Farmhouse,Solid Oak,Bold Accent Colors,Approved,2024-07-01,2024-07-11,
DES-0000263,ORD-0000263,CUST-000190,Farmhouse,Stainless Steel,Dark & Moody,Approved,2024-07-02,2024-07-15,
DES-0000311,ORD-0000311,CUST-000223,Industrial,Maple Veneer,Whites & Grays,Approved,2024-06-28,2024-07-06,Role person memory listen sell increase.
DES-0000272,ORD-0000272,CUST-000161,Farmhouse,Solid Oak,Natural Wood Tones,Approved,2024-06-29,2024-07-29,
DES-0000257,ORD-0000257,CUST-000186,Minimalist,Solid Walnut,Whites & Grays,Approved,2024-07-01,2024-07-06,Reduce company shake site.
DES-0000294,ORD-0000294,CUST-000122,Farmhouse,Solid Walnut,Dark & Moody,Approved,2024-07-01,2024-07-15,
DES-0000275,ORD-0000275,CUST-000146,Shaker,MDF,Pastel Hues,Approved,2024-07-08,2024-08-07,Often what half good.
DES-0000252,ORD-0000252,CUST-000182,Modern,Maple Veneer,Natural Wood Tones,Approved,2024-07-08,2024-08-06,Civil wind determine suggest military senior.
DES-0000286,ORD-0000286,CUST-000204,Rustic,MDF,Natural Wood Tones,Approved,2024-07-04,2024-07-16,
DES-0000301,ORD-0000301,CUST-000214,Industrial,Maple Veneer,Dark & Moody,Approved,2024-07-07,2024-07-14,
DES-0000316,ORD-0000316,CUST-000225,Rustic,MDF,Pastel Hues,Approved,2024-07-08,2024-07-29,East attention nation.
DES-0000310,ORD-0000310,CUST-000222,Modern,Solid Walnut,Dark & Moody,Approved,2024-07-10,2024-07-17,
DES-0000289,ORD-0000289,CUST-000061,Shaker,Stainless Steel,Whites & Grays,Approved,2024-07-11,2024-08-05,
DES-0000284,ORD-0000284,CUST-000202,Shaker,Solid Walnut,Whites & Grays,Approved,2024-07-11,2024-07-22,
DES-0000285,ORD-0000285,CUST-000203,Minimalist,Stainless Steel,Whites & Grays,Approved,2024-07-09,2024-07-24,
DES-0000287,ORD-0000287,CUST-000205,Rustic,MDF,Whites & Grays,Approved,2024-07-12,2024-07-22,
DES-0000304,ORD-0000304,CUST-000009,Modern,Premium Plywood,Pastel Hues,Approved,2024-07-16,2024-07-22,Sit run role individual school evidence big.
DES-0000307,ORD-0000307,CUST-000219,Luxury,Stainless Steel,Bold Accent Colors,Approved,2024-07-11,2024-07-20,
DES-0000262,ORD-0000262,CUST-000118,Industrial,MDF,Pastel Hues,Approved,2024-07-16,2024-08-11,
DES-0000300,ORD-0000300,CUST-000213,Shaker,Solid Walnut,Natural Wood Tones,Approved,2024-07-11,2024-07-29,
DES-0000309,ORD-0000309,CUST-000221,Rustic,Solid Walnut,Pastel Hues,Approved,2024-07-15,2024-07-30,
DES-0000260,ORD-0000260,CUST-000188,Modern,Stainless Steel,Dark & Moody,Approved,2024-07-15,2024-07-22,
DES-0000318,ORD-0000318,CUST-000044,Minimalist,Stainless Steel,Natural Wood Tones,Approved,2024-07-13,2024-07-26,
DES-0000282,ORD-0000282,CUST-000082,Luxury,Stainless Steel,Whites & Grays,Approved,2024-07-17,2024-07-26,
DES-0000324,ORD-0000324,CUST-000230,Rustic,Solid Walnut,Whites & Grays,Approved,2024-07-17,2024-07-22,
DES-0000277,ORD-0000277,CUST-000198,Modern,Solid Oak,Whites & Grays,Approved,2024-07-17,2024-07-22,Practice keep idea.
DES-0000320,ORD-0000320,CUST-000226,Luxury,Premium Plywood,Dark & Moody,Approved,2024-07-17,2024-07-22,
DES-0000268,ORD-0000268,CUST-000134,Modern,Maple Veneer,Bold Accent Colors,Approved,2024-07-18,2024-07-24,Produce call officer.
DES-0000261,ORD-0000261,CUST-000189,Modern,Premium Plywood,Pastel Hues,Approved,2024-07-23,2024-08-07,
DES-0000319,ORD-0000319,CUST-000062,Shaker,Solid Oak,Natural Wood Tones,Approved,2024-07-19,2024-07-27,Drop election lose billion condition low.
DES-0000279,ORD-0000279,CUST-000199,Luxury,Stainless Steel,Bold Accent Colors,Approved,2024-07-22,2024-08-01,
DES-0000267,ORD-0000267,CUST-000119,Minimalist,Solid Oak,Pastel Hues,Approved,2024-07-22,2024-08-05,
DES-0000298,ORD-0000298,CUST-000211,Luxury,Maple Veneer,Bold Accent Colors,Approved,2024-07-23,2024-08-07,
DES-0000306,ORD-0000306,CUST-000218,Farmhouse,MDF,Whites & Grays,Approved,2024-07-26,2024-08-19,
DES-0000315,ORD-0000315,CUST-000054,Industrial,Stainless Steel,Dark & Moody,Approved,2024-07-24,2024-08-09,
DES-0000276,ORD-0000276,CUST-000185,Farmhouse,Maple Veneer,Natural Wood Tones,Approved,2024-07-26,2024-08-11,Produce spring rise language reduce look support produce.
DES-0000330,ORD-0000330,CUST-000178,Modern,Stainless Steel,Pastel Hues,Approved,2024-07-25,2024-08-09,
DES-0000296,ORD-0000296,CUST-000209,Shaker,MDF,Natural Wood Tones,Approved,2024-07-26,2024-08-05,
DES-0000278,ORD-0000278,CUST-000090,Shaker,Solid Oak,Pastel Hues,Approved,2024-08-01,2024-08-12,
DES-0000329,ORD-0000329,CUST-000128,Rustic,Maple Veneer,Pastel Hues,Approved,2024-08-01,2024-08-15,
DES-0000273,ORD-0000273,CUST-000196,Farmhouse,MDF,Dark & Moody,Approved,2024-08-05,2024-08-26,
DES-0000331,ORD-0000331,CUST-000234,Minimalist,MDF,Dark & Moody,Approved,2024-08-07,2024-09-14,On provide good price have threat.
DES-0000372,ORD-0000372,CUST-000262,Rustic,MDF,Dark & Moody,Approved,2024-08-15,2024-08-26,
DES-0000384,ORD-0000384,CUST-000162,Rustic,Solid Oak,Natural Wood Tones,Approved,2024-08-15,2024-08-18,
DES-0000332,ORD-0000332,CUST-000136,Luxury,Stainless Steel,Dark & Moody,Approved,2024-08-15,2024-08-22,
DES-0000352,ORD-0000352,CUST-000008,Luxury,Maple Veneer,Bold Accent Colors,Approved,2024-08-19,2024-08-31,
DES-0000323,ORD-0000323,CUST-000229,Shaker,Stainless Steel,Whites & Grays,Approved,2024-08-19,2024-09-05,
DES-0000351,ORD-0000351,CUST-000247,Industrial,Premium Plywood,Whites & Grays,Approved,2024-08-19,2024-08-29,
DES-0000369,ORD-0000369,CUST-000260,Farmhouse,Solid Walnut,Dark & Moody,Approved,2024-08-19,2024-08-27,
DES-0000344,ORD-0000344,CUST-000059,Farmhouse,Solid Oak,Natural Wood Tones,Approved,2024-08-21,2024-08-29,Ball important send customer church.
DES-0000328,ORD-0000328,CUST-000142,Industrial,Solid Walnut,Dark & Moody,Approved,2024-08-26,2024-09-02,Anything want because assume.
DES-0000353,ORD-0000353,CUST-000248,Rustic,Stainless Steel,Bold Accent Colors,Approved,2024-08-23,2024-08-27,
DES-0000326,ORD-0000326,CUST-000232,Industrial,Premium Plywood,Pastel Hues,Approved,2024-09-02,2024-09-11,
DES-0000348,ORD-0000348,CUST-000245,Industrial,Solid Oak,Natural Wood Tones,Approved,2024-08-26,2024-09-02,
DES-0000383,ORD-0000383,CUST-000267,Shaker,Stainless Steel,Whites & Grays,Approved,2024-08-27,2024-09-05,
DES-0000338,ORD-0000338,CUST-000109,Shaker,Solid Oak,Bold Accent Colors,Approved,2024-08-26,2024-09-09,
DES-0000358,ORD-0000358,CUST-000252,Minimalist,Premium Plywood,Natural Wood Tones,Approved,2024-08-27,2024-09-11,
DES-0000374,ORD-0000374,CUST-000093,Farmhouse,Solid Oak,Bold Accent Colors,Approved,2024-08-28,2024-09-12,Subject along as be hope a.
DES-0000335,ORD-0000335,CUST-000236,Industrial,Premium Plywood,Pastel Hues,Approved,2024-08-29,2024-09-20,
DES-0000365,ORD-0000365,CUST-000257,Minimalist,Solid Walnut,Bold Accent Colors,Approved,2024-08-29,2024-09-19,Consider every feeling base capital.
DES-0000333,ORD-0000333,CUST-000235,Shaker,Stainless Steel,Dark & Moody,Approved,2024-09-02,2024-09-11,
DES-0000334,ORD-0000334,CUST-000155,Minimalist,Maple Veneer,Whites & Grays,Approved,2024-09-05,2024-09-24,
DES-0000357,ORD-0000357,CUST-000251,Farmhouse,Maple Veneer,Natural Wood Tones,Approved,2024-09-05,2024-10-10,
DES-0000381,ORD-0000381,CUST-000084,Shaker,Solid Oak,Natural Wood Tones,Approved,2024-09-05,2024-09-21,
DES-0000350,ORD-0000350,CUST-000246,Shaker,MDF,Pastel Hues,Approved,2024-09-07,2024-09-20,
DES-0000371,ORD-0000371,CUST-000034,Luxury,Premium Plywood,Natural Wood Tones,Approved,2024-09-04,2024-09-23,
DES-0000377,ORD-0000377,CUST-000265,Rustic,Premium Plywood,Dark & Moody,Approved,2024-09-04,2024-09-13,
DES-0000356,ORD-0000356,CUST-000192,Modern,Maple Veneer,Natural Wood Tones,Approved,2024-09-04,2024-09-12,
DES-0000376,ORD-0000376,CUST-000110,Farmhouse,Solid Walnut,Bold Accent Colors,Approved,2024-09-06,2024-09-23,
DES-0000380,ORD-0000380,CUST-000152,Minimalist,Stainless Steel,Natural Wood Tones,Approved,2024-09-05,2024-09-09,
DES-0000359,ORD-0000359,CUST-000253,Minimalist,MDF,Natural Wood Tones,Approved,2024-09-08,2024-09-25,
DES-0000364,ORD-0000364,CUST-000247,Rustic,Maple Veneer,Pastel Hues,Approved,2024-09-12,2024-10-08,
DES-0000366,ORD-0000366,CUST-000258,Minimalist,Solid Oak,Natural Wood Tones,Approved,2024-09-06,2024-10-01,Bank hundred individual people clear.
DES-0000327,ORD-0000327,CUST-000233,Luxury,Solid Walnut,Pastel Hues,Approved,2024-09-11,2024-09-18,
DES-0000341,ORD-0000341,CUST-000239,Minimalist,MDF,Dark & Moody,Approved,2024-09-07,2024-09-16,
DES-0000360,ORD-0000360,CUST-000254,Industrial,Premium Plywood,Pastel Hues,Approved,2024-09-08,2024-09-20,
DES-0000362,ORD-0000362,CUST-000255,Farmhouse,Maple Veneer,Pastel Hues,Approved,2024-09-09,2024-10-01,Treatment clear day discussion crime process.
DES-0000373,ORD-0000373,CUST-000263,Shaker,Solid Oak,Natural Wood Tones,Approved,2024-09-14,2024-09-19,
DES-0000361,ORD-0000361,CUST-000002,Industrial,Maple Veneer,Natural Wood Tones,Approved,2024-09-13,2024-10-09,
DES-0000379,ORD-0000379,CUST-000111,Modern,Maple Veneer,Whites & Grays,Approved,2024-09-17,2024-09-25,
DES-0000382,ORD-0000382,CUST-000196,Industrial,Solid Walnut,Bold Accent Colors,Approved,2024-09-14,2024-09-26,However tend truth pretty interview.
DES-0000393,ORD-0000393,CUST-000042,Luxury,Maple Veneer,Bold Accent Colors,Approved,2024-09-16,2024-09-24,
DES-0000355,ORD-0000355,CUST-000250,Modern,Maple Veneer,Whites & Grays,Approved,2024-09-18,2024-09-26,
DES-0000385,ORD-0000385,CUST-000209,Shaker,Maple Veneer,Pastel Hues,Approved,2024-09-19,2024-09-26,
DES-0000336,ORD-0000336,CUST-000063,Minimalist,Maple Veneer,Bold Accent Colors,Approved,2024-09-19,2024-10-06,Fear look team heavy marriage situation.
DES-0000340,ORD-0000340,CUST-000238,Rustic,Solid Walnut,Dark & Moody,Approved,2024-09-23,2024-10-23,
DES-0000405,ORD-0000405,CUST-000280,Luxury,MDF,Whites & Grays,Approved,2024-09-25,2024-10-14,
DES-0000389,ORD-0000389,CUST-000155,Industrial,Maple Veneer,Dark & Moody,Approved,2024-09-25,2024-10-11,
DES-0000390,ORD-0000390,CUST-000271,Minimalist,Maple Veneer,Bold Accent Colors,Approved,2024-09-26,2024-10-14,
DES-0000354,ORD-0000354,CUST-000249,Luxury,Solid Walnut,Bold Accent Colors,Approved,2024-09-23,2024-09-30,
DES-0000378,ORD-0000378,CUST-000266,Luxury,MDF,Whites & Grays,Approved,2024-09-27,2024-10-14,
DES-0000346,ORD-0000346,CUST-000243,Shaker,Stainless Steel,Natural Wood Tones,Approved,2024-09-25,2024-10-25,Down allow story.
DES-0000363,ORD-0000363,CUST-000256,Farmhouse,Premium Plywood,Dark & Moody,Approved,2024-09-26,2024-10-13,
DES-0000400,ORD-0000400,CUST-000277,Luxury,Stainless Steel,Dark & Moody,Approved,2024-09-27,2024-10-17,
DES-0000368,ORD-0000368,CUST-000259,Luxury,Maple Veneer,Natural Wood Tones,Approved,2024-09-29,2024-10-10,
DES-0000401,ORD-0000401,CUST-000193,Modern,Stainless Steel,Natural Wood Tones,Approved,2024-09-30,2024-10-12,
DES-0000347,ORD-0000347,CUST-000244,Rustic,Stainless Steel,Pastel Hues,Approved,2024-10-01,2024-10-06,
DES-0000397,ORD-0000397,CUST-000236,Farmhouse,Maple Veneer,Bold Accent Colors,Approved,2024-10-02,2024-10-07,
DES-0000406,ORD-0000406,CUST-000118,Industrial,Premium Plywood,Bold Accent Colors,Approved,2024-10-03,2024-10-14,
DES-0000391,ORD-0000391,CUST-000272,Rustic,Solid Oak,Pastel Hues,Approved,2024-10-07,2024-10-19,
DES-0000402,ORD-0000402,CUST-000278,Shaker,MDF,Whites & Grays,Approved,2024-10-10,2024-10-18,
DES-0000345,ORD-0000345,CUST-000242,Modern,MDF,Whites & Grays,Approved,2024-10-12,2024-10-27,
DES-0000404,ORD-0000404,CUST-000022,Modern,Stainless Steel,Pastel Hues,Approved,2024-10-11,2024-10-18,
DES-0000429,ORD-0000429,CUST-000294,Minimalist,Solid Oak,Pastel Hues,Approved,2024-10-15,2024-10-31,
DES-0000398,ORD-0000398,CUST-000275,Minimalist,Stainless Steel,Natural Wood Tones,Approved,2024-10-14,2024-10-23,
DES-0000370,ORD-0000370,CUST-000261,Industrial,Stainless Steel,Bold Accent Colors,Approved,2024-10-17,2024-10-26,
DES-0000388,ORD-0000388,CUST-000270,Rustic,Maple Veneer,Pastel Hues,Approved,2024-10-15,2024-10-31,
DES-0000423,ORD-0000423,CUST-000290,Modern,Solid Walnut,Natural Wood Tones,Approved,2024-10-15,2024-11-11,
DES-0000387,ORD-0000387,CUST-000269,Industrial,Solid Walnut,Whites & Grays,Approved,2024-10-21,2024-10-29,
DES-0000433,ORD-0000433,CUST-000057,Industrial,MDF,Natural Wood Tones,Approved,2024-10-17,2024-10-30,
DES-0000462,ORD-0000462,CUST-000311,Rustic,Stainless Steel,Bold Accent Colors,Approved,2024-10-25,2024-11-06,
DES-0000438,ORD-0000438,CUST-000298,Rustic,Maple Veneer,Whites & Grays,Approved,2024-10-24,2024-11-06,
DES-0000403,ORD-0000403,CUST-000279,Industrial,Maple Veneer,Dark & Moody,Approved,2024-10-25,2024-11-08,
DES-0000425,ORD-0000425,CUST-000291,Industrial,Maple Veneer,Pastel Hues,Approved,2024-10-29,2024-11-05,
DES-0000407,ORD-0000407,CUST-000084,Modern,Maple Veneer,Pastel Hues,Approved,2024-10-27,2024-11-04,Operation cut leg glass amount gun story.
DES-0000414,ORD-0000414,CUST-000285,Modern,Stainless Steel,Whites & Grays,Approved,2024-10-29,2024-11-18,
DES-0000434,ORD-0000434,CUST-000296,Minimalist,Premium Plywood,Dark & Moody,Approved,2024-11-01,2024-11-14,Believe hundred happy produce push administration.
DES-0000436,ORD-0000436,CUST-000222,Farmhouse,Maple Veneer,Natural Wood Tones,Approved,2024-10-30,2024-11-15,
DES-0000408,ORD-0000408,CUST-000281,Rustic,MDF,Bold Accent Colors,Approved,2024-11-01,2024-11-07,
DES-0000409,ORD-0000409,CUST-000282,Luxury,Solid Oak,Natural Wood Tones,Approved,2024-11-01,2024-11-09,House speak high clearly give world.
DES-0000419,ORD-0000419,CUST-000202,Shaker,Stainless Steel,Bold Accent Colors,Approved,2024-11-01,2024-11-11,Travel certain leg cover.
DES-0000459,ORD-0000459,CUST-000125,Shaker,Premium Plywood,Dark & Moody,Approved,2024-11-01,2024-11-09,
DES-0000395,ORD-0000395,CUST-000076,Minimalist,Premium Plywood,Dark & Moody,Approved,2024-11-02,2024-11-20,
DES-0000410,ORD-0000410,CUST-000283,Rustic,Premium Plywood,Natural Wood Tones,Approved,2024-11-03,2024-12-16,Rest production send teacher thing very agent.
DES-0000420,ORD-0000420,CUST-000288,Luxury,Solid Walnut,Natural Wood Tones,Approved,2024-11-03,2024-11-05,
DES-0000467,ORD-0000467,CUST-000061,Shaker,MDF,Pastel Hues,Approved,2024-11-03,2024-11-18,Sport herself painting beat wall get finally.
DES-0000411,ORD-0000411,CUST-000284,Industrial,Premium Plywood,Pastel Hues,Approved,2024-11-09,2024-11-15,
DES-0000418,ORD-0000418,CUST-000287,Rustic,Maple Veneer,Bold Accent Colors,Approved,2024-11-06,2024-11-27,
DES-0000443,ORD-0000443,CUST-000257,Modern,Stainless Steel,Bold Accent Colors,Approved,2024-11-07,2024-11-14,Also thing policy affect can other law cultural.
DES-0000444,ORD-0000444,CUST-000158,Farmhouse,Solid Oak,Dark & Moody,Approved,2024-11-11,2024-11-16,
DES-0000445,ORD-0000445,CUST-000302,Rustic,Premium Plywood,Bold Accent Colors,Approved,2024-11-08,2024-11-28,
DES-0000461,ORD-0000461,CUST-000310,Industrial,MDF,Pastel Hues,Approved,2024-11-12,2024-11-18,
DES-0000465,ORD-0000465,CUST-000313,Farmhouse,Solid Oak,Bold Accent Colors,Approved,2024-11-11,2024-11-18,
DES-0000417,ORD-0000417,CUST-000286,Rustic,Stainless Steel,Dark & Moody,Approved,2024-11-10,2024-11-13,Network ten positive answer range.
DES-0000453,ORD-0000453,CUST-000305,Shaker,Stainless Steel,Bold Accent Colors,Approved,2024-11-12,2024-11-17,
DES-0000466,ORD-0000466,CUST-000314,Luxury,Solid Oak,Pastel Hues,Approved,2024-11-11,2024-11-16,
DES-0000475,ORD-0000475,CUST-000321,Farmhouse,Premium Plywood,Pastel Hues,Approved,2024-11-11,2024-11-23,
DES-0000413,ORD-0000413,CUST-000272,Farmhouse,Premium Plywood,Dark & Moody,Approved,2024-11-12,2024-11-20,
DES-0000455,ORD-0000455,CUST-000307,Minimalist,Premium Plywood,Bold Accent Colors,Approved,2024-11-14,2024-11-29,
DES-0000468,ORD-0000468,CUST-000315,Shaker,Solid Oak,Whites & Grays,Approved,2024-11-13,2024-12-09,
DES-0000430,ORD-0000430,CUST-000031,Minimalist,Premium Plywood,Natural Wood Tones,Approved,2024-11-18,2024-11-24,
DES-0000447,ORD-0000447,CUST-000223,Rustic,Premium Plywood,Pastel Hues,Approved,2024-11-14,2024-11-29,Lawyer home me fire occur.
DES-0000450,ORD-0000450,CUST-000303,Farmhouse,MDF,Dark & Moody,Approved,2024-11-18,2024-12-02,
DES-0000472,ORD-0000472,CUST-000319,Modern,Maple Veneer,Bold Accent Colors,Approved,2024-11-18,2024-11-24,
DES-0000439,ORD-0000439,CUST-000299,Modern,Maple Veneer,Whites & Grays,Approved,2024-11-18,2024-11-23,
DES-0000460,ORD-0000460,CUST-000309,Shaker,Stainless Steel,Pastel Hues,Approved,2024-11-15,2024-12-05,
DES-0000505,ORD-0000505,CUST-000341,Minimalist,Solid Oak,Bold Accent Colors,Approved,2024-11-15,2024-11-19,Event action treat area act news end.
DES-0000422,ORD-0000422,CUST-000289,Shaker,Solid Walnut,Natural Wood Tones,Approved,2024-11-16,2024-12-17,
DES-0000424,ORD-0000424,CUST-000055,Luxury,Solid Oak,Natural Wood Tones,Approved,2024-11-16,2024-11-19,
DES-0000454,ORD-0000454,CUST-000306,Farmhouse,Solid Oak,Dark & Moody,Approved,2024-11-18,2024-11-27,
DES-0000486,ORD-0000486,CUST-000059,Minimalist,Stainless Steel,Dark & Moody,Approved,2024-11-20,2024-12-10,
DES-0000457,ORD-0000457,CUST-000049,Shaker,Premium Plywood,Dark & Moody,Approved,2024-11-20,2024-11-23,
DES-0000412,ORD-0000412,CUST-000264,Industrial,Solid Oak,Dark & Moody,Approved,2024-11-18,2024-11-26,
DES-0000498,ORD-0000498,CUST-000335,Modern,Solid Walnut,Natural Wood Tones,Approved,2024-11-22,2024-11-29,
DES-0000415,ORD-0000415,CUST-000235,Farmhouse,Maple Veneer,Whites & Grays,Approved,2024-11-20,2024-12-05,
DES-0000452,ORD-0000452,CUST-000304,Luxury,MDF,Natural Wood Tones,Approved,2024-11-19,2024-11-29,
DES-0000477,ORD-0000477,CUST-000323,Rustic,MDF,Pastel Hues,Approved,2024-11-20,2024-12-07,Eat key myself agreement kind fill.
DES-0000456,ORD-0000456,CUST-000282,Luxury,Maple Veneer,Natural Wood Tones,Approved,2024-11-25,2024-12-02,Analysis wide site piece west which address.
DES-0000470,ORD-0000470,CUST-000317,Farmhouse,MDF,Natural Wood Tones,Approved,2024-11-21,2024-11-26,
DES-0000421,ORD-0000421,CUST-000203,Luxury,Premium Plywood,Dark & Moody,Approved,2024-11-24,2024-12-04,
DES-0000463,ORD-0000463,CUST-000119,Minimalist,MDF,Pastel Hues,Approved,2024-11-25,2024-12-10,
DES-0000524,ORD-0000524,CUST-000179,Shaker,Premium Plywood,Pastel Hues,Approved,2024-11-22,2024-11-27,
DES-0000471,ORD-0000471,CUST-000318,Farmhouse,Stainless Steel,Whites & Grays,Approved,2024-11-26,2024-12-04,
DES-0000478,ORD-0000478,CUST-000305,Minimalist,Maple Veneer,Bold Accent Colors,Approved,2024-11-26,2024-12-05,Start them around plant song case.
DES-0000516,ORD-0000516,CUST-000348,Modern,Maple Veneer,Bold Accent Colors,Approved,2024-11-24,2024-12-11,
DES-0000440,ORD-0000440,CUST-000128,Industrial,Maple Veneer,Bold Accent Colors,Approved,2024-11-26,2024-12-03,World safe thus.
DES-0000501,ORD-0000501,CUST-000338,Industrial,MDF,Bold Accent Colors,Approved,2024-11-27,2024-12-13,
DES-0000525,ORD-0000525,CUST-000089,Industrial,Maple Veneer,Pastel Hues,Approved,2024-11-27,2024-12-04,
DES-0000428,ORD-0000428,CUST-000293,Minimalist,Solid Walnut,Bold Accent Colors,Approved,2024-11-29,2024-12-27,
DES-0000448,ORD-0000448,CUST-000288,Shaker,Stainless Steel,Bold Accent Colors,Approved,2024-11-30,2024-12-10,
DES-0000508,ORD-0000508,CUST-000343,Modern,Solid Walnut,Pastel Hues,Approved,2024-11-29,2024-12-09,Result for sea production away energy.
DES-0000515,ORD-0000515,CUST-000346,Minimalist,Stainless Steel,Natural Wood Tones,Approved,2024-12-02,2024-12-09,
DES-0000520,ORD-0000520,CUST-000350,Rustic,Solid Oak,Bold Accent Colors,Approved,2024-12-02,2024-12-12,
DES-0000535,ORD-0000535,CUST-000169,Luxury,MDF,Whites & Grays,Approved,2024-12-01,2024-12-16,
DES-0000441,ORD-0000441,CUST-000300,Farmhouse,Stainless Steel,Natural Wood Tones,Approved,2024-12-01,2024-12-06,
DES-0000483,ORD-0000483,CUST-000324,Industrial,Premium Plywood,Whites & Grays,Approved,2024-12-10,2024-12-20,
DES-0000518,ORD-0000518,CUST-000307,Luxury,Solid Oak,Natural Wood Tones,Approved,2024-12-02,2024-12-18,
DES-0000529,ORD-0000529,CUST-000355,Luxury,Premium Plywood,Dark & Moody,Approved,2024-12-01,2024-12-17,
DES-0000499,ORD-0000499,CUST-000336,Minimalist,MDF,Whites & Grays,Approved,2024-12-03,2024-12-23,Bank happy study culture soon pretty.
DES-0000484,ORD-0000484,CUST-000039,Modern,Premium Plywood,Natural Wood Tones,Approved,2024-12-04,2024-12-10,
DES-0000528,ORD-0000528,CUST-000354,Modern,Maple Veneer,Bold Accent Colors,Approved,2024-12-07,2024-12-23,
DES-0000507,ORD-0000507,CUST-000342,Shaker,Stainless Steel,Pastel Hues,Approved,2024-12-06,2025-01-13,
DES-0000512,ORD-0000512,CUST-000345,Industrial,Stainless Steel,Pastel Hues,Approved,2024-12-09,2024-12-17,
DES-0000476,ORD-0000476,CUST-000322,Farmhouse,Solid Oak,Pastel Hues,Approved,2024-12-09,2024-12-16,
DES-0000482,ORD-0000482,CUST-000123,Minimalist,Solid Walnut,Whites & Grays,Approved,2024-12-09,2024-12-18,
DES-0000487,ORD-0000487,CUST-000326,Luxury,MDF,Natural Wood Tones,Approved,2024-12-09,2024-12-23,Under effort beat continue risk sort.
DES-0000494,ORD-0000494,CUST-000332,Luxury,Stainless Steel,Pastel Hues,Approved,2024-12-09,2024-12-13,
DES-0000504,ORD-0000504,CUST-000340,Modern,Stainless Steel,Pastel Hues,Approved,2024-12-10,2024-12-28,
DES-0000490,ORD-0000490,CUST-000262,Rustic,Stainless Steel,Pastel Hues,Approved,2024-12-13,2024-12-19,
DES-0000481,ORD-0000481,CUST-000030,Luxury,Premium Plywood,Whites & Grays,Approved,2024-12-16,2025-02-17,
DES-0000538,ORD-0000538,CUST-000360,Minimalist,Solid Walnut,Pastel Hues,Approved,2024-12-18,2025-01-27,Finish education improve second huge modern clearly type.
DES-0000495,ORD-0000495,CUST-000333,Industrial,Solid Walnut,Bold Accent Colors,Approved,2024-12-16,2024-12-24,
DES-0000488,ORD-0000488,CUST-000327,Farmhouse,Stainless Steel,Dark & Moody,Approved,2024-12-14,2024-12-20,
DES-0000519,ORD-0000519,CUST-000349,Shaker,Stainless Steel,Natural Wood Tones,Approved,2024-12-19,2024-12-30,
DES-0000523,ORD-0000523,CUST-000352,Industrial,MDF,Pastel Hues,Approved,2024-12-15,2025-01-14,
DES-0000416,ORD-0000416,CUST-000011,Farmhouse,Solid Walnut,Whites & Grays,Approved,2024-12-16,2024-12-26,
DES-0000521,ORD-0000521,CUST-000266,Industrial,Stainless Steel,Natural Wood Tones,Approved,2024-12-15,2024-12-20,
DES-0000511,ORD-0000511,CUST-000002,Shaker,Solid Walnut,Whites & Grays,Approved,2024-12-20,2024-12-27,
DES-0000491,ORD-0000491,CUST-000329,Farmhouse,Stainless Steel,Whites & Grays,Approved,2024-12-24,2025-01-01,
DES-0000544,ORD-0000544,CUST-000366,Industrial,Stainless Steel,Pastel Hues,Approved,2024-12-23,2025-01-12,
DES-0000577,ORD-0000577,CUST-000045,Minimalist,MDF,Whites & Grays,Approved,2024-12-20,2025-01-01,
DES-0000502,ORD-0000502,CUST-000339,Farmhouse,Stainless Steel,Whites & Grays,Approved,2024-12-23,2024-12-30,
DES-0000568,ORD-0000568,CUST-000380,Luxury,Solid Walnut,Dark & Moody,Approved,2024-12-23,2025-01-02,
DES-0000570,ORD-0000570,CUST-000381,Shaker,Solid Walnut,Whites & Grays,Approved,2024-12-23,2025-01-10,
DES-0000594,ORD-0000594,CUST-000396,Modern,Maple Veneer,Whites & Grays,Approved,2024-12-23,2025-01-01,
DES-0000492,ORD-0000492,CUST-000330,Industrial,Solid Walnut,Natural Wood Tones,Approved,2024-12-22,2024-12-26,
DES-0000578,ORD-0000578,CUST-000386,Industrial,Maple Veneer,Whites & Grays,Approved,2024-12-25,2025-01-02,
DES-0000599,ORD-0000599,CUST-000400,Modern,Maple Veneer,Dark & Moody,Approved,2024-12-22,2025-01-13,
DES-0000506,ORD-0000506,CUST-000295,Minimalist,Solid Oak,Bold Accent Colors,Approved,2024-12-24,2025-01-09,Store identify fast agree.
DES-0000557,ORD-0000557,CUST-000213,Rustic,MDF,Bold Accent Colors,Approved,2024-12-24,2025-01-01,
DES-0000522,ORD-0000522,CUST-000351,Shaker,MDF,Natural Wood Tones,Approved,2024-12-24,2025-01-01,Woman front election reason here.
DES-0000584,ORD-0000584,CUST-000272,Modern,Stainless Steel,Pastel Hues,Approved,2024-12-26,2025-01-16,
DES-0000592,ORD-0000592,CUST-000004,Farmhouse,Solid Oak,Natural Wood Tones,Approved,2024-12-27,2025-01-03,
DES-0000539,ORD-0000539,CUST-000361,Rustic,Solid Walnut,Bold Accent Colors,Approved,2024-12-27,2025-01-01,
DES-0000496,ORD-0000496,CUST-000144,Shaker,Premium Plywood,Bold Accent Colors,Approved,2024-12-30,2025-01-02,Movement treat buy film thing blue suffer.
DES-0000597,ORD-0000597,CUST-000246,Shaker,Solid Oak,Whites & Grays,Approved,2024-12-30,2025-01-01,
DES-0000556,ORD-0000556,CUST-000075,Rustic,Solid Oak,Natural Wood Tones,Approved,2024-12-30,2025-01-13,
DES-0000600,ORD-0000600,CUST-000038,Shaker,Solid Walnut,Whites & Grays,Approved,2025-01-02,2025-01-18,
DES-0000590,ORD-0000590,CUST-000120,Shaker,Solid Oak,Dark & Moody,Approved,2025-01-02,2025-01-25,
DES-0000596,ORD-0000596,CUST-000398,Luxury,Premium Plywood,Whites & Grays,Approved,2025-01-01,2025-01-08,
DES-0000558,ORD-0000558,CUST-000372,Farmhouse,MDF,Whites & Grays,Approved,2025-01-01,2025-01-17,
DES-0000560,ORD-0000560,CUST-000374,Minimalist,Maple Veneer,Dark & Moody,Approved,2024-12-31,2025-01-06,Goal since weight positive collection state pressure.
DES-0000479,ORD-0000479,CUST-000253,Rustic,Maple Veneer,Bold Accent Colors,Approved,2025-01-06,2025-01-15,
DES-0000569,ORD-0000569,CUST-000361,Modern,MDF,Bold Accent Colors,Approved,2025-01-06,2025-01-17,
DES-0000533,ORD-0000533,CUST-000358,Farmhouse,Stainless Steel,Pastel Hues,Approved,2025-01-06,2025-01-29,
DES-0000567,ORD-0000567,CUST-000379,Luxury,Solid Oak,Pastel Hues,Approved,2025-01-06,2025-01-21,
DES-0000582,ORD-0000582,CUST-000390,Minimalist,MDF,Whites & Grays,Approved,2025-01-06,2025-01-18,
DES-0000480,ORD-0000480,CUST-000234,Luxury,Solid Oak,Whites & Grays,Approved,2025-01-05,2025-01-14,
DES-0000586,ORD-0000586,CUST-000392,Farmhouse,Solid Walnut,Dark & Moody,Approved,2025-01-08,2025-01-15,
DES-0000602,ORD-0000602,CUST-000201,Shaker,Solid Walnut,Bold Accent Colors,Approved,2025-01-09,2025-01-21,
DES-0000493,ORD-0000493,CUST-000331,Rustic,Solid Walnut,Natural Wood Tones,Approved,2025-01-10,2025-01-28,
DES-0000542,ORD-0000542,CUST-000364,Industrial,Solid Walnut,Bold Accent Colors,Approved,2025-01-13,2025-01-27,Serve long animal spring now film reveal.
DES-0000555,ORD-0000555,CUST-000371,Rustic,Solid Walnut,Bold Accent Colors,Approved,2025-01-08,2025-01-16,
DES-0000574,ORD-0000574,CUST-000383,Modern,MDF,Bold Accent Colors,Approved,2025-01-09,2025-01-18,
DES-0000576,ORD-0000576,CUST-000385,Modern,Stainless Steel,Dark & Moody,Approved,2025-01-09,2025-01-24,With check serve wall.
DES-0000580,ORD-0000580,CUST-000388,Luxury,Premium Plywood,Pastel Hues,Approved,2025-01-10,2025-01-13,
DES-0000587,ORD-0000587,CUST-000393,Minimalist,Solid Walnut,Natural Wood Tones,Approved,2025-01-13,2025-01-28,
DES-0000589,ORD-0000589,CUST-000394,Luxury,Stainless Steel,Bold Accent Colors,Approved,2025-01-09,2025-01-24,
DES-0000575,ORD-0000575,CUST-000384,Rustic,Stainless Steel,Whites & Grays,Approved,2025-01-13,2025-01-27,Throughout speak maintain own possible hard.
DES-0000583,ORD-0000583,CUST-000391,Shaker,Premium Plywood,Natural Wood Tones,Approved,2025-01-10,2025-01-15,
DES-0000593,ORD-0000593,CUST-000375,Farmhouse,Solid Walnut,Pastel Hues,Approved,2025-01-12,2025-01-18,
DES-0000540,ORD-0000540,CUST-000362,Luxury,Solid Oak,Bold Accent Colors,Approved,2025-01-13,2025-01-29,Free character know idea scene.
DES-0000564,ORD-0000564,CUST-000376,Minimalist,MDF,Whites & Grays,Approved,2025-01-12,2025-02-12,Western protect size relationship table.
DES-0000601,ORD-0000601,CUST-000401,Industrial,Stainless Steel,Natural Wood Tones,Approved,2025-01-13,2025-01-20,Around look try member.
DES-0000546,ORD-0000546,CUST-000004,Luxury,Maple Veneer,Bold Accent Colors,Approved,2025-01-14,2025-01-28,
DES-0000551,ORD-0000551,CUST-000278,Farmhouse,Stainless Steel,Pastel Hues,Approved,2025-01-14,2025-01-23,
DES-0000552,ORD-0000552,CUST-000369,Shaker,MDF,Pastel Hues,Approved,2025-01-17,2025-02-10,
DES-0000650,ORD-0000650,CUST-000435,Minimalist,MDF,Dark & Moody,Approved,2025-01-15,2025-01-23,
DES-0000548,ORD-0000548,CUST-000218,Luxury,Solid Walnut,Whites & Grays,Approved,2025-01-19,2025-01-21,Matter central lawyer.
DES-0000585,ORD-0000585,CUST-000085,Modern,Premium Plywood,Whites & Grays,Approved,2025-01-16,2025-01-25,Such whatever notice.
DES-0000591,ORD-0000591,CUST-000395,Shaker,Solid Oak,Dark & Moody,Approved,2025-01-20,2025-01-27,
DES-0000603,ORD-0000603,CUST-000402,Farmhouse,Maple Veneer,Natural Wood Tones,Approved,2025-01-20,2025-01-30,
DES-0000610,ORD-0000610,CUST-000406,Rustic,MDF,Bold Accent Colors,Approved,2025-01-17,2025-01-29,
DES-0000638,ORD-0000638,CUST-000425,Industrial,Stainless Steel,Pastel Hues,Approved,2025-01-21,2025-01-29,
DES-0000553,ORD-0000553,CUST-000370,Shaker,Stainless Steel,Dark & Moody,Approved,2025-01-21,2025-01-29,
DES-0000566,ORD-0000566,CUST-000378,Rustic,Premium Plywood,Whites & Grays,Approved,2025-01-20,2025-02-02,
DES-0000606,ORD-0000606,CUST-000403,Industrial,Solid Oak,Whites & Grays,Approved,2025-01-20,2025-02-08,
DES-0000608,ORD-0000608,CUST-000404,Rustic,Premium Plywood,Dark & Moody,Approved,2025-01-20,2025-01-31,
DES-0000632,ORD-0000632,CUST-000420,Industrial,Premium Plywood,Natural Wood Tones,Approved,2025-01-24,2025-01-31,Measure operation use maybe.
DES-0000554,ORD-0000554,CUST-000133,Farmhouse,Maple Veneer,Dark & Moody,Approved,2025-01-27,2025-02-16,
DES-0000571,ORD-0000571,CUST-000316,Minimalist,Stainless Steel,Bold Accent Colors,Approved,2025-01-28,2025-02-10,
DES-0000636,ORD-0000636,CUST-000424,Industrial,Premium Plywood,Pastel Hues,Approved,2025-01-27,2025-02-06,Evening market forward reveal course suddenly situation.
DES-0000637,ORD-0000637,CUST-000300,Modern,Solid Walnut,Whites & Grays,Approved,2025-01-27,2025-02-11,
DES-0000565,ORD-0000565,CUST-000377,Farmhouse,Solid Oak,Natural Wood Tones,Approved,2025-02-04,2025-02-23,
DES-0000612,ORD-0000612,CUST-000265,Shaker,Stainless Steel,Dark & Moody,Approved,2025-01-25,2025-02-06,
DES-0000531,ORD-0000531,CUST-000337,Luxury,Solid Walnut,Dark & Moody,Approved,2025-01-28,2025-02-05,
DES-0000647,ORD-0000647,CUST-000432,Industrial,MDF,Dark & Moody,Approved,2025-01-29,2025-02-19,
DES-0000649,ORD-0000649,CUST-000434,Rustic,Solid Walnut,Whites & Grays,Approved,2025-01-29,2025-02-06,
DES-0000619,ORD-0000619,CUST-000412,Minimalist,Stainless Steel,Whites & Grays,Approved,2025-01-30,2025-02-05,Firm minute girl board speak.
DES-0000666,ORD-0000666,CUST-000449,Luxury,Stainless Steel,Pastel Hues,Approved,2025-01-30,2025-02-17,Sense far day from end adult visit.
DES-0000634,ORD-0000634,CUST-000422,Shaker,Stainless Steel,Whites & Grays,Approved,2025-02-03,2025-02-14,
DES-0000664,ORD-0000664,CUST-000447,Shaker,MDF,Pastel Hues,Approved,2025-02-01,2025-02-08,
DES-0000631,ORD-0000631,CUST-000032,Shaker,Solid Oak,Natural Wood Tones,Approved,2025-02-03,2025-02-12,
DES-0000609,ORD-0000609,CUST-000405,Luxury,Solid Oak,Natural Wood Tones,Approved,2025-02-04,2025-02-19,Interesting high send defense structure throughout.
DES-0000623,ORD-0000623,CUST-000414,Luxury,Solid Oak,Pastel Hues,Approved,2025-02-03,2025-02-06,
DES-0000639,ORD-0000639,CUST-000426,Rustic,MDF,Pastel Hues,Approved,2025-02-03,2025-02-15,
DES-0000667,ORD-0000667,CUST-000450,Minimalist,MDF,Bold Accent Colors,Approved,2025-02-03,2025-02-10,
DES-0000669,ORD-0000669,CUST-000451,Minimalist,Solid Walnut,Bold Accent Colors,Approved,2025-02-03,2025-02-19,
DES-0000615,ORD-0000615,CUST-000022,Industrial,Premium Plywood,Bold Accent Colors,Approved,2025-02-05,2025-02-21,
DES-0000549,ORD-0000549,CUST-000113,Modern,MDF,Natural Wood Tones,Approved,2025-02-10,2025-02-17,
DES-0000541,ORD-0000541,CUST-000363,Farmhouse,Solid Oak,Pastel Hues,Approved,2025-02-08,2025-02-24,
DES-0000618,ORD-0000618,CUST-000411,Luxury,Solid Walnut,Bold Accent Colors,Approved,2025-02-07,2025-02-14,
DES-0000646,ORD-0000646,CUST-000053,Shaker,Solid Oak,Bold Accent Colors,Approved,2025-02-07,2025-02-23,
DES-0000662,ORD-0000662,CUST-000215,Luxury,Solid Walnut,Bold Accent Colors,Approved,2025-02-08,2025-02-17,
DES-0000670,ORD-0000670,CUST-000452,Industrial,Maple Veneer,Dark & Moody,Approved,2025-02-10,2025-02-26,
DES-0000673,ORD-0000673,CUST-000454,Minimalist,Maple Veneer,Pastel Hues,Approved,2025-02-10,2025-02-24,
DES-0000616,ORD-0000616,CUST-000409,Rustic,MDF,Whites & Grays,Approved,2025-02-10,2025-02-25,
DES-0000607,ORD-0000607,CUST-000245,Modern,Stainless Steel,Whites & Grays,Approved,2025-02-11,2025-03-10,
DES-0000572,ORD-0000572,CUST-000382,Rustic,Solid Walnut,Dark & Moody,Approved,2025-02-13,2025-02-22,
DES-0000653,ORD-0000653,CUST-000438,Rustic,Maple Veneer,Dark & Moody,Approved,2025-02-11,2025-02-22,
DES-0000668,ORD-0000668,CUST-000296,Luxury,Stainless Steel,Pastel Hues,Approved,2025-02-13,2025-02-25,
DES-0000672,ORD-0000672,CUST-000453,Rustic,MDF,Bold Accent Colors,Approved,2025-02-17,2025-02-26,
DES-0000645,ORD-0000645,CUST-000431,Farmhouse,Solid Oak,Dark & Moody,Approved,2025-02-18,2025-03-02,
DES-0000677,ORD-0000677,CUST-000456,Luxury,Solid Walnut,Bold Accent Colors,Approved,2025-02-17,2025-03-10,Oil lay add.
DES-0000674,ORD-0000674,CUST-000455,Farmhouse,Premium Plywood,Whites & Grays,Approved,2025-02-17,2025-03-03,Boy group about glass begin.
DES-0000621,ORD-0000621,CUST-000202,Farmhouse,MDF,Whites & Grays,Approved,2025-02-18,2025-02-25,On prove foot.
DES-0000614,ORD-0000614,CUST-000408,Industrial,Maple Veneer,Natural Wood Tones,Approved,2025-02-19,2025-03-02,
DES-0000633,ORD-0000633,CUST-000421,Minimalist,Solid Oak,Pastel Hues,Approved,2025-02-18,2025-02-24,
DES-0000660,ORD-0000660,CUST-000444,Industrial,Solid Oak,Dark & Moody,Approved,2025-02-18,2025-02-24,National general turn note report fill.
DES-0000671,ORD-0000671,CUST-000424,Shaker,Maple Veneer,Natural Wood Tones,Approved,2025-02-22,2025-03-09,
DES-0000625,ORD-0000625,CUST-000416,Rustic,Solid Oak,Natural Wood Tones,Approved,2025-02-21,2025-02-25,
DES-0000655,ORD-0000655,CUST-000228,Minimalist,Premium Plywood,Dark & Moody,Approved,2025-02-24,2025-03-01,
DES-0000656,ORD-0000656,CUST-000440,Shaker,Maple Veneer,Dark & Moody,Approved,2025-02-24,2025-03-03,
DES-0000675,ORD-0000675,CUST-000059,Farmhouse,Solid Oak,Dark & Moody,Approved,2025-02-26,2025-03-04,
DES-0000688,ORD-0000688,CUST-000464,Modern,Solid Walnut,Dark & Moody,Approved,2025-02-23,2025-03-17,
DES-0000700,ORD-0000700,CUST-000475,Minimalist,Maple Veneer,Natural Wood Tones,Approved,2025-02-22,2025-03-07,
DES-0000605,ORD-0000605,CUST-000072,Minimalist,MDF,Bold Accent Colors,Approved,2025-02-25,2025-03-13,
DES-0000678,ORD-0000678,CUST-000457,Shaker,Premium Plywood,Natural Wood Tones,Approved,2025-02-23,2025-03-06,Particular money way reach word usually.
DES-0000734,ORD-0000734,CUST-000500,Luxury,Solid Walnut,Dark & Moody,Approved,2025-02-24,2025-03-10,Foreign million environment carry fast American.
DES-0000708,ORD-0000708,CUST-000481,Shaker,Stainless Steel,Dark & Moody,Approved,2025-02-24,2025-02-28,
DES-0000654,ORD-0000654,CUST-000439,Farmhouse,Maple Veneer,Dark & Moody,Approved,2025-02-28,2025-03-17,
DES-0000733,ORD-0000733,CUST-000499,Shaker,Premium Plywood,Natural Wood Tones,Approved,2025-03-03,2025-03-08,Office paper decision.
DES-0000731,ORD-0000731,CUST-000498,Luxury,MDF,Bold Accent Colors,Approved,2025-02-28,2025-03-04,
DES-0000620,ORD-0000620,CUST-000413,Industrial,Maple Veneer,Dark & Moody,Approved,2025-03-03,2025-03-24,
DES-0000704,ORD-0000704,CUST-000479,Farmhouse,Solid Oak,Whites & Grays,Approved,2025-03-03,2025-03-18,
DES-0000719,ORD-0000719,CUST-000002,Modern,Maple Veneer,Pastel Hues,Approved,2025-03-01,2025-03-14,
DES-0000703,ORD-0000703,CUST-000478,Luxury,MDF,Natural Wood Tones,Approved,2025-03-07,2025-03-21,
DES-0000628,ORD-0000628,CUST-000417,Luxury,Stainless Steel,Natural Wood Tones,Approved,2025-03-03,2025-03-26,
DES-0000695,ORD-0000695,CUST-000470,Modern,Stainless Steel,Natural Wood Tones,Approved,2025-03-10,2025-03-12,
DES-0000617,ORD-0000617,CUST-000410,Modern,MDF,Whites & Grays,Approved,2025-03-06,2025-03-14,
DES-0000682,ORD-0000682,CUST-000460,Modern,MDF,Pastel Hues,Approved,2025-03-05,2025-04-05,
DES-0000729,ORD-0000729,CUST-000496,Minimalist,Premium Plywood,Bold Accent Colors,Approved,2025-03-04,2025-03-12,
DES-0000679,ORD-0000679,CUST-000458,Modern,Stainless Steel,Whites & Grays,Approved,2025-03-06,2025-03-20,
DES-0000685,ORD-0000685,CUST-000459,Industrial,MDF,Dark & Moody,Approved,2025-03-07,2025-03-18,
DES-0000694,ORD-0000694,CUST-000469,Minimalist,Solid Oak,Dark & Moody,Approved,2025-03-06,2025-03-23,
DES-0000697,ORD-0000697,CUST-000472,Minimalist,Solid Oak,Dark & Moody,Approved,2025-03-05,2025-03-26,
DES-0000705,ORD-0000705,CUST-000105,Minimalist,Solid Oak,Whites & Grays,Approved,2025-03-05,2025-03-22,Run note security share while challenge specific.
DES-0000641,ORD-0000641,CUST-000427,Rustic,Solid Oak,Whites & Grays,Approved,2025-03-06,2025-03-24,
DES-0000629,ORD-0000629,CUST-000418,Industrial,Premium Plywood,Bold Accent Colors,Approved,2025-03-07,2025-04-14,
DES-0000702,ORD-0000702,CUST-000477,Rustic,Stainless Steel,Dark & Moody,Approved,2025-03-08,2025-03-21,
DES-0000626,ORD-0000626,CUST-000337,Industrial,Solid Oak,Dark & Moody,Approved,2025-03-10,2025-03-18,
DES-0000713,ORD-0000713,CUST-000485,Minimalist,Solid Oak,Pastel Hues,Approved,2025-03-10,2025-03-13,
DES-0000676,ORD-0000676,CUST-000124,Modern,MDF,Dark & Moody,Approved,2025-03-10,2025-03-26,
DES-0000691,ORD-0000691,CUST-000467,Rustic,Solid Oak,Whites & Grays,Approved,2025-03-10,2025-03-19,
DES-0000699,ORD-0000699,CUST-000474,Shaker,Solid Walnut,Pastel Hues,Approved,2025-03-10,2025-03-14,
DES-0000725,ORD-0000725,CUST-000492,Luxury,Stainless Steel,Pastel Hues,Approved,2025-03-10,2025-03-23,
DES-0000681,ORD-0000681,CUST-000459,Minimalist,MDF,Whites & Grays,Approved,2025-03-12,2025-03-17,
DES-0000686,ORD-0000686,CUST-000462,Modern,Premium Plywood,Whites & Grays,Approved,2025-03-13,2025-03-21,
DES-0000716,ORD-0000716,CUST-000487,Rustic,MDF,Bold Accent Colors,Approved,2025-03-12,2025-04-18,Pattern win agent several.
DES-0000726,ORD-0000726,CUST-000493,Modern,MDF,Bold Accent Colors,Approved,2025-03-13,2025-03-27,National at staff indeed attorney house left.
DES-0000690,ORD-0000690,CUST-000466,Modern,MDF,Dark & Moody,Approved,2025-03-14,2025-03-21,
DES-0000692,ORD-0000692,CUST-000125,Minimalist,Solid Walnut,Bold Accent Colors,Approved,2025-03-14,2025-03-24,
DES-0000717,ORD-0000717,CUST-000488,Modern,Premium Plywood,Whites & Grays,Approved,2025-03-17,2025-04-08,Let take particularly above work.
DES-0000727,ORD-0000727,CUST-000494,Luxury,Premium Plywood,Bold Accent Colors,Approved,2025-03-17,2025-03-30,
DES-0000687,ORD-0000687,CUST-000463,Luxury,Stainless Steel,Natural Wood Tones,Approved,2025-03-16,2025-03-18,Peace hour garden generation.
DES-0000689,ORD-0000689,CUST-000465,Luxury,Solid Oak,Natural Wood Tones,Approved,2025-03-16,2025-04-05,Hospital ball authority often take student live.
DES-0000769,ORD-0000769,CUST-000527,Rustic,Solid Oak,Whites & Grays,Approved,2025-03-19,2025-03-25,
DES-0000714,ORD-0000714,CUST-000486,Farmhouse,Maple Veneer,Dark & Moody,Approved,2025-03-18,2025-04-03,
DES-0000737,ORD-0000737,CUST-000502,Rustic,Premium Plywood,Whites & Grays,Approved,2025-03-17,2025-04-18,
DES-0000698,ORD-0000698,CUST-000473,Rustic,Maple Veneer,Whites & Grays,Approved,2025-03-21,2025-03-25,
DES-0000707,ORD-0000707,CUST-000285,Shaker,Solid Walnut,Pastel Hues,Approved,2025-03-18,2025-03-24,
DES-0000715,ORD-0000715,CUST-000314,Modern,Solid Walnut,Bold Accent Colors,Approved,2025-03-22,2025-04-07,Front senior prepare officer.
DES-0000723,ORD-0000723,CUST-000490,Rustic,Premium Plywood,Bold Accent Colors,Approved,2025-03-18,2025-03-23,
DES-0000732,ORD-0000732,CUST-000261,Luxury,Maple Veneer,Dark & Moody,Approved,2025-03-19,2025-03-29,
DES-0000735,ORD-0000735,CUST-000034,Industrial,MDF,Bold Accent Colors,Approved,2025-03-21,2025-04-05,
DES-0000753,ORD-0000753,CUST-000515,Farmhouse,Maple Veneer,Pastel Hues,Approved,2025-03-21,2025-03-27,
DES-0000721,ORD-0000721,CUST-000189,Shaker,Maple Veneer,Whites & Grays,Approved,2025-03-24,2025-03-27,
DES-0000736,ORD-0000736,CUST-000501,Minimalist,Maple Veneer,Bold Accent Colors,Approved,2025-03-22,2025-04-03,Deal fast window thank half weight agreement.
DES-0000771,ORD-0000771,CUST-000528,Luxury,Premium Plywood,Natural Wood Tones,Approved,2025-03-23,2025-04-09,
DES-0000759,ORD-0000759,CUST-000519,Luxury,Premium Plywood,Bold Accent Colors,Approved,2025-03-24,2025-04-15,
DES-0000768,ORD-0000768,CUST-000021,Luxury,Premium Plywood,Dark & Moody,Approved,2025-03-23,2025-03-27,Public occur produce affect bank evidence.
DES-0000775,ORD-0000775,CUST-000091,Rustic,Stainless Steel,Bold Accent Colors,Approved,2025-03-23,2025-04-14,
DES-0000782,ORD-0000782,CUST-000533,Farmhouse,Solid Oak,Pastel Hues,Approved,2025-03-26,2025-04-10,
DES-0000701,ORD-0000701,CUST-000476,Industrial,Solid Walnut,Pastel Hues,Approved,2025-03-27,2025-04-02,
DES-0000749,ORD-0000749,CUST-000511,Shaker,Solid Walnut,Whites & Grays,Approved,2025-03-31,2025-04-07,
DES-0000738,ORD-0000738,CUST-000503,Shaker,Solid Walnut,Pastel Hues,Approved,2025-03-30,2025-04-15,
DES-0000741,ORD-0000741,CUST-000505,Minimalist,MDF,Pastel Hues,Approved,2025-03-29,2025-04-14,
DES-0000747,ORD-0000747,CUST-000510,Industrial,Maple Veneer,Whites & Grays,Approved,2025-03-29,2025-04-01,
DES-0000766,ORD-0000766,CUST-000525,Rustic,MDF,Whites & Grays,Approved,2025-03-31,2025-04-15,Easy show election its involve.
DES-0000722,ORD-0000722,CUST-000442,Minimalist,Stainless Steel,Dark & Moody,Approved,2025-04-01,2025-04-18,
DES-0000772,ORD-0000772,CUST-000529,Shaker,Solid Walnut,Whites & Grays,Approved,2025-04-03,2025-04-16,
DES-0000762,ORD-0000762,CUST-000521,Rustic,Solid Walnut,Dark & Moody,Approved,2025-04-03,2025-04-23,
DES-0000744,ORD-0000744,CUST-000433,Industrial,Solid Oak,Dark & Moody,Approved,2025-04-04,2025-04-14,
DES-0000751,ORD-0000751,CUST-000513,Shaker,Premium Plywood,Whites & Grays,Approved,2025-04-04,2025-04-10,
DES-0000770,ORD-0000770,CUST-000240,Minimalist,Solid Oak,Pastel Hues,Approved,2025-04-05,2025-04-28,
DES-0000779,ORD-0000779,CUST-000250,Minimalist,Solid Walnut,Bold Accent Colors,Revision,2025-04-14,,
DES-0000739,ORD-0000739,CUST-000504,Luxury,Premium Plywood,Bold Accent Colors,Approved,2025-04-10,2025-04-15,
DES-0000748,ORD-0000748,CUST-000169,Minimalist,Stainless Steel,Whites & Grays,Revision,2025-04-12,,Spend conference although black.
DES-0000777,ORD-0000777,CUST-000150,Modern,Solid Oak,Pastel Hues,ClientReview,2025-04-11,,During what a others.
DES-0000710,ORD-0000710,CUST-000483,Modern,Premium Plywood,Bold Accent Colors,Approved,2025-04-17,2025-04-21,
DES-0000758,ORD-0000758,CUST-000161,Farmhouse,Stainless Steel,Bold Accent Colors,Approved,2025-04-11,2025-04-21,
DES-0000764,ORD-0000764,CUST-000523,Industrial,Premium Plywood,Whites & Grays,Approved,2025-04-12,2025-04-22,Short political local form garden health.
DES-0000767,ORD-0000767,CUST-000526,Luxury,Maple Veneer,Bold Accent Colors,Approved,2025-04-14,2025-04-23,
DES-0000781,ORD-0000781,CUST-000311,Rustic,MDF,Pastel Hues,Approved,2025-04-14,2025-04-27,
DES-0000765,ORD-0000765,CUST-000524,Luxury,Premium Plywood,Dark & Moody,Revision,2025-04-17,,
DES-0000752,ORD-0000752,CUST-000514,Minimalist,Solid Walnut,Bold Accent Colors,Approved,2025-04-14,2025-04-19,Pull word perform number cause.
DES-0000760,ORD-0000760,CUST-000130,Luxury,Maple Veneer,Natural Wood Tones,Approved,2025-04-16,2025-04-21,Wish man age value low.
DES-0000745,ORD-0000745,CUST-000508,Farmhouse,MDF,Bold Accent Colors,ClientReview,2025-04-21,,
DES-0000828,ORD-0000828,CUST-000412,Farmhouse,Maple Veneer,Natural Wood Tones,ClientReview,2025-04-19,,
DES-0000789,ORD-0000789,CUST-000538,Modern,Solid Walnut,Pastel Hues,Approved,2025-04-23,2025-04-25,
DES-0000809,ORD-0000809,CUST-000555,Luxury,MDF,Pastel Hues,Revision,2025-04-22,,
DES-0000812,ORD-0000812,CUST-000267,Luxury,Premium Plywood,Natural Wood Tones,Approved,2025-04-22,2025-04-30,
DES-0000773,ORD-0000773,CUST-000530,Luxury,Maple Veneer,Dark & Moody,SubmittedToClient,2025-04-24,,
DES-0000802,ORD-0000802,CUST-000549,Farmhouse,MDF,Pastel Hues,ClientReview,2025-04-22,,
DES-0000742,ORD-0000742,CUST-000506,Minimalist,Maple Veneer,Natural Wood Tones,Approved,2025-04-24,2025-04-29,
DES-0000763,ORD-0000763,CUST-000522,Farmhouse,Maple Veneer,Whites & Grays,ClientReview,2025-04-25,,
DES-0000743,ORD-0000743,CUST-000507,Industrial,Solid Walnut,Dark & Moody,ClientReview,2025-04-25,,
DES-0000783,ORD-0000783,CUST-000534,Shaker,Premium Plywood,Bold Accent Colors,ClientReview,2025-04-25,,
DES-0000786,ORD-0000786,CUST-000065,Minimalist,Premium Plywood,Whites & Grays,SubmittedToClient,2025-04-26,,Art month share oil magazine sign something how.
DES-0000829,ORD-0000829,CUST-000569,Industrial,Solid Walnut,Whites & Grays,Approved,2025-04-26,2025-05-01,
DES-0000820,ORD-0000820,CUST-000563,Farmhouse,Premium Plywood,Dark & Moody,DesignDraft,,,
DES-0000750,ORD-0000750,CUST-000512,Industrial,Premium Plywood,Whites & Grays,DesignDraft,,,
DES-0000801,ORD-0000801,CUST-000098,Farmhouse,Stainless Steel,Dark & Moody,SubmittedToClient,2025-05-01,,
DES-0000815,ORD-0000815,CUST-000559,Modern,MDF,Bold Accent Colors,SubmittedToClient,2025-04-30,,
