OrderID,CustomerID,LeadDate,ProductInterest,LeadSource,EstimatedValue,SalesStage,QuoteGeneratedDate,OrderClosedDate,Notes
ORD-0000001,CUST-000001,2024-01-09,Commercial Space,Website,72608.9,Closed Won,2024-01-14,2024-01-30,
ORD-0000002,CUST-000001,2024-01-07,Specialty Cabinetry,Showroom Visit,23883.56,Closed Won,2024-01-14,2024-02-16,
ORD-0000003,CUST-000001,2024-01-09,Full Home Transformation,Trade Show,159805.69,Closed Won,2024-01-16,2024-02-04,
ORD-0000004,CUST-000002,2024-01-30,Full Home Transformation,Trade Show,128667.17,Closed Won,2024-02-06,2024-02-22,
ORD-0000005,CUST-000003,2024-01-27,Commercial Space,Website,56678.89,Closed Won,2024-02-07,2024-02-24,
ORD-0000006,CUST-000004,2024-01-22,Specialty Cabinetry,Website,26770.03,Closed Won,2024-01-29,2024-02-06,
ORD-0000007,CUST-000005,2024-01-17,Specialty Cabinetry,Trade Show,15645.94,Closed Won,2024-01-23,2024-02-02,
ORD-0000008,CUST-000005,2024-01-22,Specialty Cabinetry,Referral,9331.61,Closed Lost,2024-01-29,2024-02-02,
ORD-0000009,CUST-000006,2024-01-16,Specialty Cabinetry,Referral,5439.27,Closed Won,2024-01-20,2024-02-02,
ORD-0000010,CUST-000007,2024-01-20,Custom Kitchen,Online Ad,68840.56,Closed Won,2024-02-02,2024-02-19,
ORD-0000011,CUST-000008,2024-01-10,Commercial Space,Showroom Visit,37095.84,Closed Won,2024-01-17,2024-01-27,
ORD-0000012,CUST-000009,2024-01-16,Custom Kitchen,Trade Show,51019.1,Closed Won,2024-01-19,2024-02-07,
ORD-0000013,CUST-000003,2024-01-22,Custom Kitchen,Website,50610.0,Closed Won,2024-02-07,2024-02-15,
ORD-0000014,CUST-000010,2024-01-27,Specialty Cabinetry,Online Ad,27410.15,Closed Won,2024-02-01,2024-02-06,
ORD-0000015,CUST-000011,2024-01-04,Custom Kitchen,Showroom Visit,78920.74,Closed Won,2024-01-07,2024-02-01,
ORD-0000016,CUST-000012,2024-01-18,Full Home Transformation,Online Ad,155520.78,Closed Won,2024-01-20,2024-02-12,
ORD-0000017,CUST-000013,2024-01-22,Custom Kitchen,Showroom Visit,43205.09,Closed Lost,2024-01-24,2024-02-23,
ORD-0000018,CUST-000014,2024-01-11,Commercial Space,Online Ad,62640.66,Closed Won,2024-01-15,2024-01-30,
ORD-0000019,CUST-000015,2024-01-23,Full Home Transformation,Referral,219045.76,Closed Won,2024-01-31,2024-02-17,
ORD-0000020,CUST-000016,2024-01-29,Specialty Cabinetry,Website,20252.7,Closed Won,2024-02-02,2024-02-27,
ORD-0000021,CUST-000017,2024-01-20,Commercial Space,Website,33475.5,Closed Won,2024-01-24,2024-02-06,
ORD-0000022,CUST-000018,2024-01-02,Full Home Transformation,Trade Show,170483.04,Closed Won,2024-01-05,2024-01-15,
ORD-0000023,CUST-000019,2024-01-23,Custom Kitchen,Trade Show,67143.97,Closed Won,2024-02-05,2024-02-11,
ORD-0000024,CUST-000015,2024-01-14,Specialty Cabinetry,Online Ad,12510.1,Closed Won,2024-01-23,2024-01-31,
ORD-0000025,CUST-000016,2024-01-16,Full Home Transformation,Trade Show,129950.05,Closed Won,2024-01-19,2024-02-03,
ORD-0000026,CUST-000020,2024-01-14,Specialty Cabinetry,Showroom Visit,25748.17,Closed Won,2024-01-17,2024-02-01,
ORD-0000027,CUST-000021,2024-01-30,Commercial Space,Website,134448.81,Closed Lost,2024-02-02,2024-02-14,
ORD-0000028,CUST-000009,2024-01-30,Specialty Cabinetry,Trade Show,24637.64,Closed Lost,2024-02-13,2024-03-14,
ORD-0000029,CUST-000012,2024-01-09,Commercial Space,Online Ad,27153.71,Closed Won,2024-01-19,2024-01-29,
ORD-0000030,CUST-000008,2024-01-26,Commercial Space,Showroom Visit,30568.79,Closed Lost,2024-01-29,2024-02-07,
ORD-0000031,CUST-000022,2024-01-31,Custom Kitchen,Website,36668.06,Closed Won,2024-02-09,2024-02-23,
ORD-0000032,CUST-000005,2024-02-12,Commercial Space,Online Ad,64009.46,Closed Won,2024-02-16,2024-02-28,
ORD-0000033,CUST-000023,2024-02-28,Custom Kitchen,Trade Show,70479.23,Closed Won,2024-03-06,2024-03-15,
ORD-0000034,CUST-000024,2024-02-05,Custom Kitchen,Online Ad,75884.96,Closed Won,2024-02-21,2024-03-04,
ORD-0000035,CUST-000025,2024-02-21,Commercial Space,Showroom Visit,25636.9,Closed Won,2024-02-26,2024-04-15,
ORD-0000036,CUST-000006,2024-02-28,Specialty Cabinetry,Online Ad,15943.21,Closed Won,2024-03-04,2024-03-15,
ORD-0000037,CUST-000026,2024-02-16,Specialty Cabinetry,Online Ad,12437.29,Closed Won,2024-02-20,2024-03-11,
ORD-0000038,CUST-000027,2024-02-11,Commercial Space,Website,63277.55,Closed Won,2024-02-16,2024-03-15,
ORD-0000039,CUST-000028,2024-02-08,Commercial Space,Trade Show,117036.42,Closed Lost,2024-02-26,2024-03-22,
ORD-0000040,CUST-000029,2024-02-21,Full Home Transformation,Website,241178.6,Closed Lost,2024-02-25,2024-03-11,
ORD-0000041,CUST-000030,2024-02-24,Full Home Transformation,Website,168257.69,Closed Lost,2024-03-01,2024-03-06,
ORD-0000042,CUST-000031,2024-02-12,Full Home Transformation,Showroom Visit,105380.39,Closed Won,2024-02-19,2024-03-13,For those subject up media ready man.
ORD-0000043,CUST-000032,2024-02-23,Specialty Cabinetry,Online Ad,25171.87,Closed Won,2024-02-26,2024-03-11,
ORD-0000044,CUST-000033,2024-02-09,Commercial Space,Showroom Visit,79795.22,Closed Lost,2024-02-13,2024-02-26,
ORD-0000045,CUST-000034,2024-02-22,Full Home Transformation,Online Ad,89567.84,Closed Won,2024-02-26,2024-03-11,
ORD-0000046,CUST-000035,2024-02-13,Commercial Space,Online Ad,145012.98,Closed Won,2024-02-21,2024-03-05,
ORD-0000047,CUST-000036,2024-02-18,Custom Kitchen,Website,50324.58,Closed Won,2024-02-25,2024-03-12,
ORD-0000048,CUST-000037,2024-02-23,Full Home Transformation,Showroom Visit,133050.3,Closed Lost,2024-02-27,2024-03-14,
ORD-0000049,CUST-000014,2024-02-29,Specialty Cabinetry,Online Ad,14425.72,Closed Won,2024-03-08,2024-03-18,
ORD-0000050,CUST-000038,2024-02-12,Specialty Cabinetry,Referral,25971.45,Closed Lost,2024-02-18,2024-03-06,
ORD-0000051,CUST-000039,2024-02-08,Custom Kitchen,Website,67102.91,Closed Won,2024-02-11,2024-03-11,
ORD-0000052,CUST-000040,2024-02-18,Custom Kitchen,Website,26496.3,Closed Won,2024-02-23,2024-03-14,
ORD-0000053,CUST-000041,2024-02-17,Custom Kitchen,Showroom Visit,59923.74,Closed Won,2024-02-20,2024-03-01,
ORD-0000054,CUST-000042,2024-02-02,Commercial Space,Online Ad,47380.37,Closed Lost,2024-02-05,2024-02-13,
ORD-0000055,CUST-000011,2024-02-20,Full Home Transformation,Trade Show,105207.99,Closed Won,2024-02-25,2024-03-05,
ORD-0000056,CUST-000043,2024-02-20,Specialty Cabinetry,Online Ad,21033.69,Closed Won,2024-02-22,2024-03-04,
ORD-0000057,CUST-000044,2024-02-12,Specialty Cabinetry,Showroom Visit,18424.99,Closed Won,2024-02-19,2024-03-02,
ORD-0000058,CUST-000045,2024-02-07,Specialty Cabinetry,Showroom Visit,23991.07,Closed Lost,2024-02-15,2024-02-26,
ORD-0000059,CUST-000046,2024-02-06,Commercial Space,Showroom Visit,122779.85,Closed Won,2024-02-09,2024-02-29,
ORD-0000060,CUST-000011,2024-02-12,Commercial Space,Showroom Visit,117158.75,Closed Lost,2024-02-22,2024-02-27,
ORD-0000061,CUST-000047,2024-02-21,Specialty Cabinetry,Referral,11530.6,Closed Won,2024-03-02,2024-03-10,
ORD-0000062,CUST-000048,2024-02-24,Custom Kitchen,Referral,50813.34,Closed Won,2024-03-02,2024-03-14,
ORD-0000063,CUST-000049,2024-02-03,Specialty Cabinetry,Showroom Visit,14112.55,Closed Lost,2024-02-07,2024-02-21,
ORD-0000064,CUST-000050,2024-02-26,Specialty Cabinetry,Referral,22804.07,Closed Won,2024-03-04,2024-03-08,Ability quickly while operation fight spring order.
ORD-0000065,CUST-000051,2024-02-20,Commercial Space,Website,94945.9,Closed Won,2024-02-26,2024-03-20,
ORD-0000066,CUST-000052,2024-02-29,Custom Kitchen,Website,60319.6,Closed Lost,2024-03-05,2024-03-20,
ORD-0000067,CUST-000053,2024-02-15,Custom Kitchen,Website,77490.0,Closed Lost,2024-02-21,2024-03-04,
ORD-0000068,CUST-000054,2024-02-12,Specialty Cabinetry,Website,23052.07,Closed Won,2024-02-27,2024-03-03,
ORD-0000069,CUST-000055,2024-02-04,Specialty Cabinetry,Referral,28146.1,Closed Won,2024-02-07,2024-02-17,
ORD-0000070,CUST-000049,2024-02-17,Full Home Transformation,Showroom Visit,226332.56,Closed Won,2024-02-26,2024-04-22,
ORD-0000071,CUST-000056,2024-02-11,Custom Kitchen,Trade Show,25821.04,Closed Lost,2024-02-19,2024-02-29,Decide eye almost woman brother of.
ORD-0000072,CUST-000057,2024-02-23,Commercial Space,Trade Show,121009.09,Closed Won,2024-03-19,2024-03-24,Sit us say camera tonight yeah.
ORD-0000073,CUST-000058,2024-02-08,Custom Kitchen,Showroom Visit,42066.78,Closed Won,2024-02-12,2024-03-27,
ORD-0000074,CUST-000016,2024-02-22,Full Home Transformation,Website,102447.97,Closed Won,2024-02-26,2024-03-04,
ORD-0000075,CUST-000059,2024-02-23,Specialty Cabinetry,Online Ad,15400.3,Closed Won,2024-03-03,2024-03-08,
ORD-0000076,CUST-000060,2024-02-08,Commercial Space,Website,104269.9,Closed Won,2024-02-12,2024-02-17,
ORD-0000077,CUST-000061,2024-02-29,Specialty Cabinetry,Showroom Visit,29403.04,Closed Lost,2024-03-03,2024-03-07,
ORD-0000078,CUST-000062,2024-02-22,Custom Kitchen,Website,30570.53,Closed Lost,2024-02-26,2024-03-13,
ORD-0000079,CUST-000063,2024-02-08,Custom Kitchen,Referral,62611.55,Closed Lost,2024-02-12,2024-02-19,
ORD-0000080,CUST-000029,2024-02-29,Commercial Space,Online Ad,142206.54,Closed Won,2024-03-08,2024-03-14,
ORD-0000081,CUST-000064,2024-02-14,Commercial Space,Online Ad,110527.8,Closed Won,2024-02-26,2024-03-10,
ORD-0000082,CUST-000065,2024-02-25,Commercial Space,Trade Show,107324.94,Closed Won,2024-03-11,2024-03-26,
ORD-0000083,CUST-000066,2024-02-27,Commercial Space,Website,61118.77,Closed Won,2024-03-01,2024-03-24,
ORD-0000084,CUST-000067,2024-02-08,Commercial Space,Referral,62723.87,Closed Lost,2024-02-10,2024-02-15,
ORD-0000085,CUST-000002,2024-02-15,Custom Kitchen,Trade Show,76851.71,Closed Won,2024-03-04,2024-03-18,Body give throw.
ORD-0000086,CUST-000068,2024-02-29,Custom Kitchen,Online Ad,75054.59,Closed Lost,2024-03-04,2024-03-12,
ORD-0000087,CUST-000069,2024-02-27,Commercial Space,Website,109922.6,Closed Won,2024-03-01,2024-03-18,
ORD-0000088,CUST-000011,2024-02-21,Specialty Cabinetry,Referral,27631.37,Closed Won,2024-02-26,2024-03-02,
ORD-0000089,CUST-000049,2024-02-25,Specialty Cabinetry,Referral,14213.16,Closed Won,2024-02-28,2024-03-10,
ORD-0000090,CUST-000070,2024-02-27,Commercial Space,Referral,28677.6,Closed Won,2024-03-11,2024-03-21,
ORD-0000091,CUST-000071,2024-02-25,Custom Kitchen,Website,31025.24,Closed Lost,2024-02-29,2024-03-13,
ORD-0000092,CUST-000028,2024-02-20,Specialty Cabinetry,Website,9121.72,Closed Won,2024-03-01,2024-03-06,
ORD-0000093,CUST-000072,2024-02-03,Specialty Cabinetry,Online Ad,23227.52,Closed Won,2024-02-07,2024-02-25,
ORD-0000094,CUST-000073,2024-02-11,Specialty Cabinetry,Referral,11950.54,Closed Won,2024-02-18,2024-03-16,
ORD-0000095,CUST-000074,2024-02-01,Custom Kitchen,Showroom Visit,45675.9,Closed Won,2024-02-04,2024-02-16,
ORD-0000096,CUST-000075,2024-03-03,Full Home Transformation,Trade Show,222155.6,Closed Won,2024-03-11,2024-03-25,
ORD-0000097,CUST-000076,2024-03-08,Full Home Transformation,Showroom Visit,145699.22,Closed Won,2024-03-15,2024-03-21,
ORD-0000098,CUST-000037,2024-03-13,Specialty Cabinetry,Online Ad,6950.61,Closed Won,2024-03-16,2024-03-25,
ORD-0000099,CUST-000077,2024-03-27,Full Home Transformation,Website,106126.17,Closed Won,2024-04-08,2024-04-30,
ORD-0000100,CUST-000059,2024-03-10,Custom Kitchen,Showroom Visit,77263.57,Closed Won,2024-03-13,2024-03-22,Unit letter individual necessary mission.
ORD-0000101,CUST-000001,2024-03-14,Custom Kitchen,Showroom Visit,34052.6,Closed Won,2024-03-18,2024-03-25,
ORD-0000102,CUST-000001,2024-03-31,Commercial Space,Showroom Visit,127308.44,Closed Won,2024-04-05,2024-04-20,
ORD-0000103,CUST-000078,2024-03-25,Commercial Space,Website,94495.43,Closed Won,2024-04-05,2024-04-11,
ORD-0000104,CUST-000079,2024-03-15,Custom Kitchen,Referral,50145.73,Closed Won,2024-03-25,2024-04-08,
ORD-0000105,CUST-000062,2024-03-07,Commercial Space,Online Ad,28189.14,Closed Lost,2024-03-26,2024-04-16,
ORD-0000106,CUST-000032,2024-03-09,Custom Kitchen,Online Ad,72616.88,Closed Won,2024-03-13,2024-03-24,
ORD-0000107,CUST-000080,2024-03-13,Custom Kitchen,Online Ad,46083.21,Closed Won,2024-03-21,2024-04-18,
ORD-0000108,CUST-000081,2024-03-24,Commercial Space,Online Ad,49407.87,Closed Won,2024-04-01,2024-04-21,
ORD-0000109,CUST-000082,2024-03-03,Full Home Transformation,Showroom Visit,113302.55,Closed Won,2024-03-09,2024-03-21,
ORD-0000110,CUST-000071,2024-03-16,Specialty Cabinetry,Referral,6833.17,Closed Lost,2024-03-19,2024-03-29,
ORD-0000111,CUST-000083,2024-03-26,Full Home Transformation,Showroom Visit,231058.44,Closed Lost,2024-04-01,2024-04-11,Soldier parent use six authority.
ORD-0000112,CUST-000042,2024-03-19,Full Home Transformation,Trade Show,104373.64,Closed Won,2024-03-22,2024-04-18,
ORD-0000113,CUST-000084,2024-03-28,Custom Kitchen,Referral,65769.67,Closed Won,2024-04-03,2024-04-30,
ORD-0000114,CUST-000085,2024-03-25,Custom Kitchen,Trade Show,59305.46,Closed Lost,2024-03-28,2024-04-01,
ORD-0000115,CUST-000086,2024-03-18,Commercial Space,Website,93501.0,Closed Won,2024-03-24,2024-04-08,
ORD-0000116,CUST-000087,2024-03-24,Custom Kitchen,Showroom Visit,63483.3,Closed Lost,2024-03-30,2024-04-05,
ORD-0000117,CUST-000088,2024-03-08,Custom Kitchen,Online Ad,77556.86,Closed Won,2024-03-18,2024-04-02,
ORD-0000118,CUST-000089,2024-03-03,Full Home Transformation,Online Ad,102786.77,Closed Won,2024-03-08,2024-03-18,
ORD-0000119,CUST-000087,2024-03-06,Commercial Space,Website,38606.1,Closed Lost,2024-03-11,2024-04-08,
ORD-0000120,CUST-000090,2024-03-09,Full Home Transformation,Trade Show,183964.69,Closed Lost,2024-03-25,2024-04-01,
ORD-0000121,CUST-000027,2024-03-06,Specialty Cabinetry,Showroom Visit,15456.29,Closed Won,2024-03-11,2024-03-19,
ORD-0000122,CUST-000063,2024-03-25,Commercial Space,Showroom Visit,83876.56,Closed Lost,2024-04-01,2024-04-10,
ORD-0000123,CUST-000091,2024-03-17,Full Home Transformation,Online Ad,85063.13,Closed Lost,2024-03-25,2024-04-11,
ORD-0000124,CUST-000092,2024-03-09,Commercial Space,Showroom Visit,140645.22,Closed Won,2024-03-14,2024-04-02,
ORD-0000125,CUST-000093,2024-03-08,Full Home Transformation,Website,122959.94,Closed Won,2024-03-13,2024-03-28,
ORD-0000126,CUST-000094,2024-03-21,Commercial Space,Website,143980.07,Closed Won,2024-03-24,2024-04-05,
ORD-0000127,CUST-000095,2024-03-25,Full Home Transformation,Website,186287.64,Closed Won,2024-03-28,2024-04-22,Individual production let set.
ORD-0000128,CUST-000011,2024-04-01,Full Home Transformation,Showroom Visit,128838.5,Closed Won,2024-04-05,2024-05-02,
ORD-0000129,CUST-000096,2024-04-20,Specialty Cabinetry,Trade Show,20751.87,Closed Won,2024-04-22,2024-05-03,
ORD-0000130,CUST-000097,2024-04-20,Commercial Space,Website,106235.38,Closed Won,2024-05-02,2024-05-20,
ORD-0000131,CUST-000069,2024-04-30,Custom Kitchen,Trade Show,42716.94,Closed Won,2024-05-06,2024-05-16,
ORD-0000132,CUST-000098,2024-04-17,Specialty Cabinetry,Trade Show,10296.08,Closed Lost,2024-04-22,2024-05-15,
ORD-0000133,CUST-000099,2024-04-25,Full Home Transformation,Online Ad,240148.95,Closed Won,2024-05-02,2024-05-13,
ORD-0000134,CUST-000026,2024-04-08,Custom Kitchen,Website,32164.83,Closed Lost,2024-04-15,2024-04-29,
ORD-0000135,CUST-000100,2024-04-18,Custom Kitchen,Referral,28603.21,Closed Won,2024-04-23,2024-05-06,Safe lose understand live close service necessary.
ORD-0000136,CUST-000101,2024-04-12,Full Home Transformation,Showroom Visit,130890.97,Closed Won,2024-04-18,2024-05-02,
ORD-0000137,CUST-000102,2024-04-15,Full Home Transformation,Website,57168.02,Closed Won,2024-04-20,2024-05-01,
ORD-0000138,CUST-000103,2024-04-28,Specialty Cabinetry,Online Ad,18864.4,Closed Won,2024-05-09,2024-05-29,
ORD-0000139,CUST-000104,2024-04-13,Full Home Transformation,Trade Show,114746.61,Closed Won,2024-04-19,2024-05-06,
ORD-0000140,CUST-000105,2024-04-21,Custom Kitchen,Trade Show,69461.57,Closed Lost,2024-04-24,2024-05-06,Third language position board culture officer occur from.
ORD-0000141,CUST-000106,2024-04-23,Commercial Space,Online Ad,92597.68,Closed Won,2024-05-01,2024-05-13,
ORD-0000142,CUST-000107,2024-04-20,Commercial Space,Online Ad,35869.52,Closed Won,2024-05-01,2024-05-06,
ORD-0000143,CUST-000108,2024-04-18,Custom Kitchen,Online Ad,59312.74,Closed Won,2024-04-22,2024-04-29,
ORD-0000144,CUST-000109,2024-04-27,Commercial Space,Referral,119174.76,Closed Won,2024-04-30,2024-05-09,
ORD-0000145,CUST-000110,2024-04-25,Full Home Transformation,Trade Show,102926.4,Closed Won,2024-04-27,2024-05-26,
ORD-0000146,CUST-000104,2024-04-28,Specialty Cabinetry,Referral,6560.94,Closed Lost,2024-04-30,2024-05-07,
ORD-0000147,CUST-000111,2024-04-09,Commercial Space,Referral,20108.59,Closed Won,2024-04-22,2024-05-29,
ORD-0000148,CUST-000112,2024-04-28,Custom Kitchen,Trade Show,66635.45,Closed Won,2024-05-06,2024-05-24,
ORD-0000149,CUST-000113,2024-04-26,Specialty Cabinetry,Showroom Visit,28636.83,Closed Won,2024-04-29,2024-05-12,
ORD-0000150,CUST-000071,2024-04-09,Full Home Transformation,Trade Show,145754.34,Closed Won,2024-04-12,2024-05-21,
ORD-0000151,CUST-000103,2024-04-30,Specialty Cabinetry,Website,17663.34,Closed Lost,2024-05-13,2024-05-17,
ORD-0000152,CUST-000114,2024-04-09,Commercial Space,Referral,133985.31,Closed Won,2024-04-15,2024-04-25,
ORD-0000153,CUST-000115,2024-04-04,Commercial Space,Website,135686.46,Closed Won,2024-04-08,2024-04-26,
ORD-0000154,CUST-000116,2024-04-30,Custom Kitchen,Online Ad,55607.15,Closed Won,2024-05-06,2024-05-21,
ORD-0000155,CUST-000117,2024-04-23,Custom Kitchen,Trade Show,41557.2,Closed Won,2024-05-02,2024-05-27,
ORD-0000156,CUST-000118,2024-04-18,Commercial Space,Trade Show,37378.88,Closed Won,2024-05-06,2024-05-15,
ORD-0000157,CUST-000119,2024-04-07,Commercial Space,Website,77475.59,Closed Won,2024-04-11,2024-04-23,
ORD-0000158,CUST-000120,2024-04-13,Commercial Space,Online Ad,94179.0,Closed Won,2024-04-18,2024-05-01,Magazine peace nation education eat general.
ORD-0000159,CUST-000121,2024-04-30,Commercial Space,Website,112255.94,Closed Lost,2024-05-08,2024-05-14,
ORD-0000160,CUST-000035,2024-04-10,Custom Kitchen,Showroom Visit,38794.81,Closed Lost,2024-04-17,2024-05-02,
ORD-0000161,CUST-000122,2024-04-23,Custom Kitchen,Trade Show,28149.91,Closed Won,2024-04-27,2024-05-10,Mention against building job through herself lot trade.
ORD-0000162,CUST-000111,2024-04-14,Custom Kitchen,Website,68944.58,Closed Lost,2024-04-23,2024-05-27,
ORD-0000163,CUST-000123,2024-04-04,Commercial Space,Showroom Visit,47585.85,Closed Won,2024-04-27,2024-05-21,
ORD-0000164,CUST-000124,2024-04-26,Commercial Space,Referral,87893.05,Closed Lost,2024-05-14,2024-06-12,Six civil whatever among even civil plant.
ORD-0000165,CUST-000125,2024-04-12,Custom Kitchen,Website,45570.09,Closed Won,2024-04-22,2024-05-03,
ORD-0000166,CUST-000032,2024-04-28,Commercial Space,Showroom Visit,40340.87,Closed Lost,2024-05-01,2024-05-15,Onto policy result us really institution doctor.
ORD-0000167,CUST-000126,2024-04-24,Specialty Cabinetry,Showroom Visit,29121.92,Closed Lost,2024-04-29,2024-05-20,
ORD-0000168,CUST-000028,2024-04-26,Commercial Space,Trade Show,84902.65,Closed Won,2024-04-29,2024-05-09,
ORD-0000169,CUST-000127,2024-04-20,Custom Kitchen,Showroom Visit,76377.38,Closed Won,2024-04-24,2024-05-28,
ORD-0000170,CUST-000128,2024-04-04,Commercial Space,Referral,29683.59,Closed Won,2024-04-08,2024-04-21,
ORD-0000171,CUST-000129,2024-04-16,Custom Kitchen,Trade Show,79242.65,Closed Won,2024-04-19,2024-05-06,
ORD-0000172,CUST-000130,2024-04-26,Specialty Cabinetry,Website,15049.41,Closed Won,2024-04-29,2024-05-23,
ORD-0000173,CUST-000131,2024-04-26,Commercial Space,Trade Show,85153.52,Closed Won,2024-04-29,2024-05-07,Around defense change difference.
ORD-0000174,CUST-000030,2024-04-13,Custom Kitchen,Showroom Visit,52122.82,Closed Lost,2024-04-22,2024-05-08,
ORD-0000175,CUST-000062,2024-04-30,Specialty Cabinetry,Online Ad,19769.86,Closed Won,2024-05-04,2024-05-27,
ORD-0000176,CUST-000014,2024-04-06,Commercial Space,Trade Show,53466.16,Closed Lost,2024-04-10,2024-05-06,
ORD-0000177,CUST-000125,2024-04-08,Full Home Transformation,Online Ad,108074.82,Closed Won,2024-04-12,2024-04-17,
ORD-0000178,CUST-000132,2024-04-29,Commercial Space,Referral,83327.15,Closed Won,2024-05-05,2024-05-17,
ORD-0000179,CUST-000133,2024-04-21,Commercial Space,Online Ad,23814.05,Closed Won,2024-05-04,2024-05-22,
ORD-0000180,CUST-000134,2024-04-20,Specialty Cabinetry,Showroom Visit,17336.84,Closed Lost,2024-04-29,2024-05-07,Matter future including factor force cultural cup.
ORD-0000181,CUST-000094,2024-04-09,Commercial Space,Showroom Visit,56746.64,Closed Won,2024-04-15,2024-05-01,
ORD-0000182,CUST-000135,2024-04-02,Specialty Cabinetry,Online Ad,14937.06,Closed Won,2024-04-06,2024-04-16,
ORD-0000183,CUST-000133,2024-04-08,Custom Kitchen,Trade Show,25249.12,Closed Lost,2024-04-13,2024-05-16,
ORD-0000184,CUST-000043,2024-04-08,Custom Kitchen,Referral,27744.79,Closed Lost,2024-04-13,2024-04-19,
ORD-0000185,CUST-000136,2024-04-24,Specialty Cabinetry,Referral,10136.03,Closed Won,2024-04-29,2024-05-08,Cell increase check call consider effect risk.
ORD-0000186,CUST-000086,2024-04-28,Commercial Space,Showroom Visit,112480.07,Closed Won,2024-05-02,2024-05-15,
ORD-0000187,CUST-000137,2024-04-18,Specialty Cabinetry,Trade Show,17062.07,Closed Won,2024-05-02,2024-05-28,
ORD-0000188,CUST-000138,2024-04-28,Full Home Transformation,Showroom Visit,125473.09,Closed Won,2024-05-08,2024-05-19,
ORD-0000189,CUST-000139,2024-04-21,Specialty Cabinetry,Showroom Visit,23006.61,Closed Won,2024-04-25,2024-05-03,
ORD-0000190,CUST-000067,2024-04-27,Specialty Cabinetry,Online Ad,10958.99,Closed Won,2024-05-03,2024-05-16,
ORD-0000191,CUST-000035,2024-04-02,Specialty Cabinetry,Showroom Visit,12054.02,Closed Won,2024-04-06,2024-05-01,
ORD-0000192,CUST-000140,2024-04-23,Specialty Cabinetry,Online Ad,24471.05,Closed Won,2024-04-29,2024-05-11,
ORD-0000193,CUST-000141,2024-04-08,Custom Kitchen,Website,74530.89,Closed Lost,2024-04-17,2024-04-30,
ORD-0000194,CUST-000142,2024-04-10,Custom Kitchen,Online Ad,66398.35,Closed Won,2024-04-15,2024-04-19,
ORD-0000195,CUST-000143,2024-04-04,Specialty Cabinetry,Online Ad,10451.06,Closed Lost,2024-04-10,2024-04-17,
ORD-0000196,CUST-000144,2024-04-01,Specialty Cabinetry,Website,18582.81,Closed Lost,2024-04-03,2024-04-17,
ORD-0000197,CUST-000052,2024-04-25,Specialty Cabinetry,Online Ad,19082.01,Closed Won,2024-05-06,2024-05-23,
ORD-0000198,CUST-000037,2024-04-30,Full Home Transformation,Showroom Visit,135381.24,Closed Won,2024-05-08,2024-05-18,
ORD-0000199,CUST-000145,2024-04-06,Full Home Transformation,Trade Show,75064.59,Closed Lost,2024-04-15,2024-04-22,
ORD-0000200,CUST-000146,2024-04-11,Specialty Cabinetry,Showroom Visit,6969.87,Closed Won,2024-04-15,2024-04-25,
ORD-0000201,CUST-000147,2024-04-22,Full Home Transformation,Trade Show,104578.22,Closed Won,2024-04-24,2024-05-08,
ORD-0000202,CUST-000148,2024-05-24,Commercial Space,Online Ad,148025.54,Closed Lost,2024-05-30,2024-06-12,
ORD-0000203,CUST-000149,2024-05-19,Custom Kitchen,Website,37633.55,Closed Lost,2024-05-27,2024-06-11,
ORD-0000204,CUST-000050,2024-05-01,Commercial Space,Online Ad,48386.64,Closed Won,2024-05-06,2024-05-17,
ORD-0000205,CUST-000137,2024-05-21,Specialty Cabinetry,Website,7222.93,Closed Lost,2024-05-25,2024-06-05,
ORD-0000206,CUST-000150,2024-05-14,Commercial Space,Trade Show,126604.91,Closed Won,2024-05-20,2024-06-13,
ORD-0000207,CUST-000151,2024-05-30,Custom Kitchen,Showroom Visit,61211.29,Closed Won,2024-06-04,2024-06-17,
ORD-0000208,CUST-000152,2024-05-02,Specialty Cabinetry,Website,27959.45,Closed Won,2024-05-21,2024-05-29,
ORD-0000209,CUST-000153,2024-05-27,Specialty Cabinetry,Trade Show,11294.05,Closed Won,2024-05-30,2024-06-16,Team place drive.
ORD-0000210,CUST-000135,2024-05-26,Custom Kitchen,Showroom Visit,47269.99,Closed Won,2024-06-02,2024-06-19,
ORD-0000211,CUST-000018,2024-05-07,Specialty Cabinetry,Showroom Visit,19220.06,Closed Lost,2024-05-14,2024-05-21,
ORD-0000212,CUST-000003,2024-05-06,Full Home Transformation,Online Ad,112904.54,Closed Lost,2024-05-14,2024-06-05,
ORD-0000213,CUST-000154,2024-05-01,Specialty Cabinetry,Showroom Visit,15128.23,Closed Won,2024-05-04,2024-05-20,
ORD-0000214,CUST-000155,2024-05-16,Custom Kitchen,Showroom Visit,60058.99,Closed Lost,2024-05-25,2024-05-28,
ORD-0000215,CUST-000065,2024-05-30,Full Home Transformation,Online Ad,233891.84,Closed Won,2024-06-03,2024-06-12,
ORD-0000216,CUST-000006,2024-05-18,Commercial Space,Website,58837.85,Closed Lost,2024-05-27,2024-06-05,
ORD-0000217,CUST-000156,2024-05-25,Full Home Transformation,Referral,64162.93,Closed Lost,2024-05-27,2024-06-10,Find fill that process company call.
ORD-0000218,CUST-000157,2024-05-06,Commercial Space,Website,68516.75,Closed Won,2024-05-13,2024-06-05,
ORD-0000219,CUST-000158,2024-05-27,Full Home Transformation,Website,220279.39,Closed Won,2024-06-04,2024-06-12,
ORD-0000220,CUST-000159,2024-05-01,Custom Kitchen,Showroom Visit,29546.57,Closed Won,2024-05-06,2024-05-17,
ORD-0000221,CUST-000160,2024-05-02,Full Home Transformation,Website,64242.43,Closed Won,2024-05-07,2024-06-03,
ORD-0000222,CUST-000161,2024-05-23,Custom Kitchen,Online Ad,26593.53,Closed Won,2024-05-31,2024-06-08,
ORD-0000223,CUST-000162,2024-05-03,Commercial Space,Website,111184.9,Closed Lost,2024-05-09,2024-05-24,
ORD-0000224,CUST-000068,2024-05-05,Commercial Space,Online Ad,118323.84,Closed Won,2024-05-09,2024-05-16,First skin reveal notice people campaign.
ORD-0000225,CUST-000127,2024-05-09,Specialty Cabinetry,Trade Show,19094.5,Closed Won,2024-05-18,2024-05-29,
ORD-0000226,CUST-000163,2024-05-15,Custom Kitchen,Showroom Visit,44332.42,Closed Lost,2024-05-22,2024-06-12,
ORD-0000227,CUST-000027,2024-05-14,Full Home Transformation,Referral,187202.56,Closed Won,2024-05-23,2024-06-03,
ORD-0000228,CUST-000127,2024-05-07,Specialty Cabinetry,Referral,22828.0,Closed Won,2024-05-10,2024-05-31,
ORD-0000229,CUST-000164,2024-05-19,Commercial Space,Trade Show,90968.46,Closed Won,2024-05-22,2024-06-03,Figure exactly data like artist century benefit.
ORD-0000230,CUST-000165,2024-05-10,Commercial Space,Website,56953.52,Closed Won,2024-05-14,2024-05-28,
ORD-0000231,CUST-000166,2024-05-24,Custom Kitchen,Trade Show,62414.38,Closed Won,2024-06-05,2024-06-10,
ORD-0000232,CUST-000157,2024-05-21,Full Home Transformation,Website,53672.92,Closed Won,2024-05-24,2024-05-29,
ORD-0000233,CUST-000041,2024-05-11,Commercial Space,Website,55689.08,Closed Won,2024-05-20,2024-06-03,
ORD-0000234,CUST-000167,2024-05-29,Commercial Space,Trade Show,69844.24,Closed Won,2024-06-03,2024-06-28,
ORD-0000235,CUST-000168,2024-05-10,Commercial Space,Website,116681.02,Closed Lost,2024-05-15,2024-05-28,Crime loss camera relationship.
ORD-0000236,CUST-000146,2024-05-11,Specialty Cabinetry,Referral,27679.85,Closed Won,2024-05-15,2024-05-27,
ORD-0000237,CUST-000169,2024-05-08,Custom Kitchen,Showroom Visit,31454.18,Closed Won,2024-05-13,2024-06-03,
ORD-0000238,CUST-000170,2024-05-23,Full Home Transformation,Showroom Visit,82470.66,Closed Won,2024-05-30,2024-06-21,
ORD-0000239,CUST-000075,2024-05-07,Custom Kitchen,Referral,60462.29,Closed Lost,2024-05-12,2024-05-29,
ORD-0000240,CUST-000171,2024-05-25,Commercial Space,Online Ad,68823.21,Closed Lost,2024-06-01,2024-06-17,
ORD-0000241,CUST-000172,2024-05-20,Specialty Cabinetry,Showroom Visit,14665.63,Closed Won,2024-05-27,2024-06-10,
ORD-0000242,CUST-000173,2024-05-09,Full Home Transformation,Online Ad,248001.48,Closed Won,2024-05-20,2024-06-06,
ORD-0000243,CUST-000174,2024-05-20,Full Home Transformation,Website,145552.18,Closed Won,2024-05-24,2024-06-04,
ORD-0000244,CUST-000175,2024-05-18,Full Home Transformation,Showroom Visit,120403.95,Closed Lost,2024-05-27,2024-06-03,
ORD-0000245,CUST-000176,2024-05-09,Custom Kitchen,Online Ad,78157.35,Closed Won,2024-05-20,2024-06-01,
ORD-0000246,CUST-000177,2024-05-12,Commercial Space,Online Ad,49127.66,Closed Won,2024-05-15,2024-06-04,
ORD-0000247,CUST-000178,2024-05-29,Custom Kitchen,Trade Show,54340.57,Closed Lost,2024-06-01,2024-06-12,
ORD-0000248,CUST-000179,2024-05-11,Full Home Transformation,Trade Show,201362.52,Closed Won,2024-05-15,2024-05-27,
ORD-0000249,CUST-000180,2024-05-30,Full Home Transformation,Referral,74447.01,Closed Lost,2024-06-02,2024-06-19,
ORD-0000250,CUST-000163,2024-05-19,Commercial Space,Trade Show,30072.11,Closed Won,2024-05-23,2024-06-05,
ORD-0000251,CUST-000181,2024-05-19,Full Home Transformation,Trade Show,136998.14,Closed Lost,2024-05-25,2024-06-18,
ORD-0000252,CUST-000182,2024-05-31,Commercial Space,Website,29498.63,Closed Won,2024-06-22,2024-07-02,
ORD-0000253,CUST-000183,2024-05-21,Custom Kitchen,Showroom Visit,78793.67,Closed Won,2024-06-03,2024-06-24,
ORD-0000254,CUST-000051,2024-05-24,Specialty Cabinetry,Referral,7046.44,Closed Lost,2024-05-29,2024-06-11,
ORD-0000255,CUST-000184,2024-05-15,Full Home Transformation,Trade Show,102050.18,Closed Won,2024-05-20,2024-06-03,
ORD-0000256,CUST-000185,2024-05-11,Commercial Space,Referral,101387.62,Closed Won,2024-05-15,2024-06-10,
ORD-0000257,CUST-000186,2024-05-30,Commercial Space,Website,91375.98,Closed Won,2024-06-10,2024-06-30,
ORD-0000258,CUST-000096,2024-05-05,Full Home Transformation,Trade Show,52949.84,Closed Won,2024-05-07,2024-05-19,
ORD-0000259,CUST-000187,2024-06-25,Specialty Cabinetry,Referral,16401.06,Closed Lost,2024-07-05,2024-07-24,
ORD-0000260,CUST-000188,2024-06-24,Specialty Cabinetry,Trade Show,28069.95,Closed Won,2024-07-03,2024-07-15,
ORD-0000261,CUST-000189,2024-06-29,Custom Kitchen,Referral,56624.88,Closed Won,2024-07-10,2024-07-19,
ORD-0000262,CUST-000118,2024-06-25,Specialty Cabinetry,Showroom Visit,15714.11,Closed Won,2024-06-30,2024-07-12,
ORD-0000263,CUST-000190,2024-06-06,Custom Kitchen,Showroom Visit,39032.11,Closed Won,2024-06-16,2024-06-28,
ORD-0000264,CUST-000191,2024-06-15,Specialty Cabinetry,Trade Show,13491.84,Closed Lost,2024-06-20,2024-06-26,
ORD-0000265,CUST-000192,2024-06-12,Full Home Transformation,Referral,126438.92,Closed Won,2024-06-14,2024-06-22,
ORD-0000266,CUST-000193,2024-06-07,Commercial Space,Referral,27616.13,Closed Won,2024-06-10,2024-06-24,
ORD-0000267,CUST-000119,2024-06-19,Full Home Transformation,Website,82790.3,Closed Won,2024-07-08,2024-07-22,
ORD-0000268,CUST-000134,2024-06-30,Custom Kitchen,Online Ad,63729.29,Closed Won,2024-07-04,2024-07-19,
ORD-0000269,CUST-000194,2024-06-12,Custom Kitchen,Trade Show,71581.13,Closed Won,2024-06-14,2024-06-26,
ORD-0000270,CUST-000195,2024-06-25,Full Home Transformation,Showroom Visit,97223.27,Closed Lost,2024-06-28,2024-07-22,
ORD-0000271,CUST-000058,2024-06-01,Full Home Transformation,Website,188524.35,Closed Lost,2024-06-03,2024-06-13,Action carry option tree than its analysis.
ORD-0000272,CUST-000161,2024-06-09,Custom Kitchen,Trade Show,58645.67,Closed Won,2024-06-17,2024-06-28,
ORD-0000273,CUST-000196,2024-06-27,Commercial Space,Online Ad,109008.43,Closed Won,2024-07-03,2024-08-05,
ORD-0000274,CUST-000197,2024-06-28,Specialty Cabinetry,Online Ad,5511.11,Closed Lost,2024-07-02,2024-07-12,
ORD-0000275,CUST-000146,2024-06-17,Specialty Cabinetry,Website,9145.6,Closed Won,2024-06-20,2024-07-01,
ORD-0000276,CUST-000185,2024-06-27,Commercial Space,Referral,73392.13,Closed Won,2024-07-04,2024-07-25,
ORD-0000277,CUST-000198,2024-06-22,Custom Kitchen,Trade Show,74183.43,Closed Won,2024-07-01,2024-07-17,
ORD-0000278,CUST-000090,2024-06-25,Specialty Cabinetry,Referral,12608.13,Closed Won,2024-07-04,2024-07-31,
ORD-0000279,CUST-000199,2024-06-23,Full Home Transformation,Online Ad,211345.33,Closed Won,2024-07-09,2024-07-22,
ORD-0000280,CUST-000200,2024-06-04,Custom Kitchen,Referral,26569.55,Closed Won,2024-06-06,2024-06-13,
ORD-0000281,CUST-000082,2024-06-02,Specialty Cabinetry,Website,27005.41,Closed Won,2024-06-07,2024-06-16,
ORD-0000282,CUST-000082,2024-06-26,Commercial Space,Website,40877.2,Closed Won,2024-06-29,2024-07-16,
ORD-0000283,CUST-000201,2024-06-01,Commercial Space,Trade Show,23429.22,Closed Lost,2024-06-04,2024-06-24,
ORD-0000284,CUST-000202,2024-06-19,Specialty Cabinetry,Referral,11960.04,Closed Won,2024-07-01,2024-07-09,
ORD-0000285,CUST-000203,2024-06-19,Commercial Space,Referral,71969.32,Closed Won,2024-06-21,2024-07-10,
ORD-0000286,CUST-000204,2024-06-08,Commercial Space,Referral,29998.92,Closed Won,2024-06-24,2024-07-03,
ORD-0000287,CUST-000205,2024-06-06,Commercial Space,Showroom Visit,141897.14,Closed Won,2024-06-14,2024-07-10,
ORD-0000288,CUST-000206,2024-06-10,Custom Kitchen,Online Ad,71456.35,Closed Won,2024-06-12,2024-06-24,
ORD-0000289,CUST-000061,2024-06-22,Commercial Space,Trade Show,61741.4,Closed Won,2024-07-01,2024-07-09,
ORD-0000290,CUST-000072,2024-06-13,Commercial Space,Website,106409.19,Closed Lost,2024-07-08,2024-07-16,
ORD-0000291,CUST-000207,2024-06-21,Full Home Transformation,Online Ad,140187.9,Closed Lost,2024-07-05,2024-07-25,Debate TV teacher size example make discussion benefit.
ORD-0000292,CUST-000208,2024-06-06,Commercial Space,Trade Show,146623.39,Closed Lost,2024-06-10,2024-06-19,
ORD-0000293,CUST-000009,2024-06-09,Custom Kitchen,Online Ad,27932.82,Closed Lost,2024-06-20,2024-06-26,
ORD-0000294,CUST-000122,2024-06-12,Specialty Cabinetry,Trade Show,14681.5,Closed Won,2024-06-17,2024-06-30,So ball late past admit.
ORD-0000295,CUST-000079,2024-06-05,Custom Kitchen,Online Ad,49750.91,Closed Lost,2024-06-18,2024-06-25,
ORD-0000296,CUST-000209,2024-06-28,Specialty Cabinetry,Website,21751.55,Closed Won,2024-07-01,2024-07-26,
ORD-0000297,CUST-000210,2024-06-26,Commercial Space,Referral,41337.25,Closed Lost,2024-07-01,2024-07-22,
ORD-0000298,CUST-000211,2024-06-16,Commercial Space,Referral,123410.5,Closed Won,2024-06-24,2024-07-23,
ORD-0000299,CUST-000212,2024-06-15,Full Home Transformation,Referral,145330.67,Closed Lost,2024-06-20,2024-06-25,
ORD-0000300,CUST-000213,2024-06-30,Custom Kitchen,Showroom Visit,76665.3,Closed Won,2024-07-05,2024-07-12,
ORD-0000301,CUST-000214,2024-06-08,Custom Kitchen,Trade Show,77828.48,Closed Won,2024-06-14,2024-07-08,
ORD-0000302,CUST-000215,2024-06-01,Full Home Transformation,Trade Show,53308.39,Closed Won,2024-06-05,2024-06-19,
ORD-0000303,CUST-000216,2024-06-12,Commercial Space,Website,21982.03,Closed Lost,2024-06-17,2024-07-03,
ORD-0000304,CUST-000009,2024-06-10,Full Home Transformation,Trade Show,61706.5,Closed Won,2024-06-15,2024-07-11,
ORD-0000305,CUST-000217,2024-06-12,Specialty Cabinetry,Showroom Visit,17333.13,Closed Won,2024-06-15,2024-06-20,
ORD-0000306,CUST-000218,2024-06-01,Commercial Space,Showroom Visit,143711.77,Closed Won,2024-06-18,2024-07-23,
ORD-0000307,CUST-000219,2024-06-26,Full Home Transformation,Showroom Visit,152126.85,Closed Won,2024-06-30,2024-07-10,
ORD-0000308,CUST-000220,2024-06-11,Custom Kitchen,Online Ad,52700.7,Closed Lost,2024-06-15,2024-06-25,
ORD-0000309,CUST-000221,2024-06-16,Specialty Cabinetry,Online Ad,6752.84,Closed Won,2024-07-05,2024-07-15,
ORD-0000310,CUST-000222,2024-06-17,Custom Kitchen,Trade Show,27317.45,Closed Won,2024-06-24,2024-07-08,
ORD-0000311,CUST-000223,2024-06-06,Commercial Space,Showroom Visit,50341.22,Closed Won,2024-06-17,2024-06-28,
ORD-0000312,CUST-000033,2024-06-06,Custom Kitchen,Trade Show,76618.31,Closed Won,2024-06-09,2024-06-20,
ORD-0000313,CUST-000224,2024-06-07,Specialty Cabinetry,Website,17993.73,Closed Lost,2024-06-18,2024-06-25,
ORD-0000314,CUST-000081,2024-06-07,Specialty Cabinetry,Trade Show,6398.79,Closed Won,2024-06-09,2024-06-23,
ORD-0000315,CUST-000054,2024-06-12,Specialty Cabinetry,Website,23618.46,Closed Won,2024-06-19,2024-07-24,
ORD-0000316,CUST-000225,2024-06-21,Full Home Transformation,Online Ad,116710.63,Closed Won,2024-06-25,2024-07-08,
ORD-0000317,CUST-000202,2024-06-04,Custom Kitchen,Trade Show,68860.1,Closed Lost,2024-06-16,2024-06-20,
ORD-0000318,CUST-000044,2024-06-24,Specialty Cabinetry,Online Ad,6719.66,Closed Won,2024-07-01,2024-07-15,
ORD-0000319,CUST-000062,2024-06-15,Commercial Space,Online Ad,125073.03,Closed Won,2024-06-28,2024-07-22,
ORD-0000320,CUST-000226,2024-06-27,Custom Kitchen,Referral,36302.42,Closed Won,2024-07-04,2024-07-17,
ORD-0000321,CUST-000227,2024-06-05,Custom Kitchen,Trade Show,67180.97,Closed Won,2024-06-08,2024-06-17,
ORD-0000322,CUST-000228,2024-06-19,Commercial Space,Website,40390.7,Closed Lost,2024-06-28,2024-08-06,
ORD-0000323,CUST-000229,2024-07-25,Full Home Transformation,Showroom Visit,91276.03,Closed Won,2024-07-29,2024-08-19,
ORD-0000324,CUST-000230,2024-07-03,Commercial Space,Referral,66853.29,Closed Won,2024-07-09,2024-07-17,
ORD-0000325,CUST-000231,2024-07-26,Custom Kitchen,Online Ad,69296.76,Closed Lost,2024-07-29,2024-08-16,
ORD-0000326,CUST-000232,2024-07-24,Specialty Cabinetry,Referral,24456.76,Closed Won,2024-07-29,2024-08-26,
ORD-0000327,CUST-000233,2024-07-29,Full Home Transformation,Online Ad,84408.98,Closed Won,2024-08-02,2024-09-09,
ORD-0000328,CUST-000142,2024-07-26,Custom Kitchen,Referral,45145.89,Closed Won,2024-07-28,2024-08-23,
ORD-0000329,CUST-000128,2024-07-19,Custom Kitchen,Showroom Visit,29672.36,Closed Won,2024-07-25,2024-08-01,
ORD-0000330,CUST-000178,2024-07-05,Custom Kitchen,Showroom Visit,56897.37,Closed Won,2024-07-07,2024-07-24,Certain value discussion remain school east somebody.
ORD-0000331,CUST-000234,2024-07-16,Specialty Cabinetry,Trade Show,25448.19,Closed Won,2024-07-31,2024-08-07,
ORD-0000332,CUST-000136,2024-07-24,Custom Kitchen,Online Ad,64692.48,Closed Won,2024-08-05,2024-08-15,
ORD-0000333,CUST-000235,2024-08-09,Custom Kitchen,Online Ad,34870.82,Closed Won,2024-08-15,2024-09-02,
ORD-0000334,CUST-000155,2024-08-18,Commercial Space,Showroom Visit,147421.73,Closed Won,2024-08-22,2024-09-02,Still themselves blue reality floor.
ORD-0000335,CUST-000236,2024-08-14,Commercial Space,Website,147242.48,Closed Won,2024-08-19,2024-08-30,Cost smile international system true of town between.
ORD-0000336,CUST-000063,2024-08-29,Full Home Transformation,Online Ad,143849.78,Closed Won,2024-09-02,2024-09-19,
ORD-0000337,CUST-000028,2024-08-13,Full Home Transformation,Online Ad,139526.46,Closed Lost,2024-08-15,2024-09-09,
ORD-0000338,CUST-000109,2024-08-14,Full Home Transformation,Trade Show,249055.63,Closed Won,2024-08-19,2024-08-27,
ORD-0000339,CUST-000237,2024-08-24,Full Home Transformation,Referral,109813.67,Closed Lost,2024-09-02,2024-10-01,
ORD-0000340,CUST-000238,2024-08-23,Specialty Cabinetry,Online Ad,27712.04,Closed Won,2024-08-26,2024-09-23,
ORD-0000341,CUST-000239,2024-08-12,Full Home Transformation,Referral,196700.87,Closed Won,2024-08-26,2024-09-09,
ORD-0000342,CUST-000240,2024-08-17,Specialty Cabinetry,Trade Show,14877.67,Closed Lost,2024-09-03,2024-09-10,
ORD-0000343,CUST-000241,2024-08-11,Commercial Space,Trade Show,136219.03,Closed Lost,2024-08-17,2024-08-22,
ORD-0000344,CUST-000059,2024-08-01,Specialty Cabinetry,Online Ad,27172.97,Closed Won,2024-08-05,2024-08-22,
ORD-0000345,CUST-000242,2024-08-29,Custom Kitchen,Online Ad,64693.95,Closed Won,2024-09-05,2024-10-14,
ORD-0000346,CUST-000243,2024-08-24,Custom Kitchen,Trade Show,55125.79,Closed Won,2024-08-28,2024-09-26,Service however woman technology likely hard.
ORD-0000347,CUST-000244,2024-08-28,Specialty Cabinetry,Trade Show,13450.15,Closed Won,2024-09-01,2024-10-01,
ORD-0000348,CUST-000245,2024-08-03,Custom Kitchen,Online Ad,77691.45,Closed Won,2024-08-05,2024-08-26,
ORD-0000349,CUST-000200,2024-08-24,Specialty Cabinetry,Trade Show,10253.61,Closed Lost,2024-08-28,2024-09-06,
ORD-0000350,CUST-000246,2024-08-24,Full Home Transformation,Showroom Visit,215963.84,Closed Won,2024-08-28,2024-09-04,Decision mean give worry Democrat wish draw.
ORD-0000351,CUST-000247,2024-08-07,Full Home Transformation,Online Ad,121189.9,Closed Won,2024-08-12,2024-08-18,
ORD-0000352,CUST-000008,2024-08-07,Full Home Transformation,Trade Show,123109.63,Closed Won,2024-08-12,2024-08-17,
ORD-0000353,CUST-000248,2024-08-13,Specialty Cabinetry,Trade Show,16104.96,Closed Won,2024-08-16,2024-08-22,Sign available either let skill since care.
ORD-0000354,CUST-000249,2024-08-30,Specialty Cabinetry,Trade Show,20825.73,Closed Won,2024-09-04,2024-09-24,
ORD-0000355,CUST-000250,2024-08-26,Full Home Transformation,Trade Show,197144.02,Closed Won,2024-08-31,2024-09-18,
ORD-0000356,CUST-000192,2024-08-16,Custom Kitchen,Referral,55570.31,Closed Won,2024-08-29,2024-09-04,
ORD-0000357,CUST-000251,2024-08-11,Commercial Space,Trade Show,37013.84,Closed Won,2024-08-26,2024-09-01,
ORD-0000358,CUST-000252,2024-08-06,Custom Kitchen,Website,76501.5,Closed Won,2024-08-12,2024-08-27,
ORD-0000359,CUST-000253,2024-08-03,Specialty Cabinetry,Trade Show,29914.18,Closed Won,2024-08-10,2024-09-06,
ORD-0000360,CUST-000254,2024-08-19,Specialty Cabinetry,Showroom Visit,6718.35,Closed Won,2024-08-21,2024-09-09,
ORD-0000361,CUST-000002,2024-08-13,Specialty Cabinetry,Online Ad,25668.73,Closed Won,2024-08-16,2024-09-13,
ORD-0000362,CUST-000255,2024-08-12,Commercial Space,Showroom Visit,82214.1,Closed Won,2024-08-16,2024-09-07,
ORD-0000363,CUST-000256,2024-08-22,Full Home Transformation,Showroom Visit,132435.25,Closed Won,2024-08-29,2024-09-25,
ORD-0000364,CUST-000247,2024-08-10,Custom Kitchen,Online Ad,27258.09,Closed Won,2024-08-14,2024-09-06,
ORD-0000365,CUST-000257,2024-08-20,Custom Kitchen,Online Ad,29859.24,Closed Won,2024-08-24,2024-08-30,Avoid bank third better or people.
ORD-0000366,CUST-000258,2024-08-11,Full Home Transformation,Trade Show,234683.15,Closed Won,2024-08-19,2024-09-09,
ORD-0000367,CUST-000078,2024-08-11,Full Home Transformation,Trade Show,93153.86,Closed Lost,2024-08-14,2024-08-26,
ORD-0000368,CUST-000259,2024-08-18,Custom Kitchen,Online Ad,29051.15,Closed Won,2024-08-27,2024-09-30,
ORD-0000369,CUST-000260,2024-08-04,Specialty Cabinetry,Referral,21332.03,Closed Won,2024-08-07,2024-08-20,
ORD-0000370,CUST-000261,2024-08-19,Full Home Transformation,Website,80597.09,Closed Won,2024-08-22,2024-10-15,Page main mission clear have.
ORD-0000371,CUST-000034,2024-08-02,Full Home Transformation,Referral,182037.79,Closed Won,2024-08-20,2024-09-04,
ORD-0000372,CUST-000262,2024-08-02,Custom Kitchen,Website,49777.9,Closed Won,2024-08-07,2024-08-13,
ORD-0000373,CUST-000263,2024-08-29,Custom Kitchen,Referral,75215.01,Closed Won,2024-08-31,2024-09-13,
ORD-0000374,CUST-000093,2024-08-08,Specialty Cabinetry,Trade Show,25328.13,Closed Won,2024-08-13,2024-08-29,
ORD-0000375,CUST-000264,2024-08-24,Specialty Cabinetry,Website,5307.47,Closed Lost,2024-08-27,2024-09-04,
ORD-0000376,CUST-000110,2024-08-19,Custom Kitchen,Referral,58945.57,Closed Won,2024-08-22,2024-09-05,
ORD-0000377,CUST-000265,2024-08-05,Specialty Cabinetry,Website,15272.46,Closed Won,2024-08-28,2024-09-03,
ORD-0000378,CUST-000266,2024-08-25,Specialty Cabinetry,Trade Show,19261.96,Closed Won,2024-08-29,2024-09-24,Management nature better nor.
ORD-0000379,CUST-000111,2024-08-31,Full Home Transformation,Referral,188392.91,Closed Won,2024-09-05,2024-09-16,
ORD-0000380,CUST-000152,2024-08-18,Custom Kitchen,Website,73944.56,Closed Won,2024-08-23,2024-09-05,
ORD-0000381,CUST-000084,2024-08-20,Full Home Transformation,Referral,203234.84,Closed Won,2024-08-22,2024-09-02,
ORD-0000382,CUST-000196,2024-08-30,Specialty Cabinetry,Trade Show,16217.71,Closed Won,2024-09-03,2024-09-16,
ORD-0000383,CUST-000267,2024-08-04,Commercial Space,Referral,147317.81,Closed Won,2024-08-07,2024-08-25,
ORD-0000384,CUST-000162,2024-08-02,Commercial Space,Website,103090.7,Closed Won,2024-08-06,2024-08-15,
ORD-0000385,CUST-000209,2024-09-04,Custom Kitchen,Referral,58785.05,Closed Won,2024-09-11,2024-09-19,
ORD-0000386,CUST-000268,2024-09-12,Full Home Transformation,Online Ad,233861.15,Closed Lost,2024-09-17,2024-09-30,
ORD-0000387,CUST-000269,2024-09-28,Full Home Transformation,Website,83626.81,Closed Won,2024-10-07,2024-10-16,
ORD-0000388,CUST-000270,2024-09-15,Specialty Cabinetry,Website,11986.83,Closed Won,2024-09-23,2024-10-15,
ORD-0000389,CUST-000155,2024-09-02,Commercial Space,Online Ad,124122.85,Closed Won,2024-09-06,2024-09-23,
ORD-0000390,CUST-000271,2024-09-01,Custom Kitchen,Showroom Visit,53354.44,Closed Won,2024-09-09,2024-09-23,
ORD-0000391,CUST-000272,2024-09-16,Full Home Transformation,Website,96930.87,Closed Won,2024-09-19,2024-10-03,
ORD-0000392,CUST-000037,2024-09-06,Custom Kitchen,Referral,31428.99,Closed Lost,2024-09-10,2024-09-23,
ORD-0000393,CUST-000042,2024-09-06,Full Home Transformation,Online Ad,140583.0,Closed Won,2024-09-10,2024-09-15,
ORD-0000394,CUST-000273,2024-09-27,Commercial Space,Website,104853.7,Closed Lost,2024-10-21,2024-11-19,
ORD-0000395,CUST-000076,2024-09-22,Custom Kitchen,Website,46809.43,Closed Won,2024-10-04,2024-11-04,
ORD-0000396,CUST-000274,2024-09-25,Commercial Space,Trade Show,98889.26,Closed Lost,2024-10-07,2024-11-06,
ORD-0000397,CUST-000236,2024-09-11,Full Home Transformation,Website,114568.08,Closed Won,2024-09-16,2024-10-01,
ORD-0000398,CUST-000275,2024-09-17,Commercial Space,Trade Show,20517.17,Closed Won,2024-09-20,2024-10-14,Two final nothing pull cup trade cold event.
ORD-0000399,CUST-000276,2024-09-22,Specialty Cabinetry,Referral,8794.22,Closed Lost,2024-10-02,2024-10-24,Would by treatment institution prepare song.
ORD-0000400,CUST-000277,2024-09-05,Specialty Cabinetry,Trade Show,8867.46,Closed Won,2024-09-11,2024-09-26,
ORD-0000401,CUST-000193,2024-09-17,Specialty Cabinetry,Trade Show,27331.48,Closed Won,2024-09-22,2024-09-30,
ORD-0000402,CUST-000278,2024-09-04,Custom Kitchen,Website,34906.91,Closed Won,2024-09-24,2024-10-09,
ORD-0000403,CUST-000279,2024-09-16,Full Home Transformation,Trade Show,96926.72,Closed Won,2024-09-18,2024-10-24,Save relate anyone skill over.
ORD-0000404,CUST-000022,2024-09-20,Full Home Transformation,Showroom Visit,143725.88,Closed Won,2024-10-02,2024-10-11,
ORD-0000405,CUST-000280,2024-09-09,Full Home Transformation,Trade Show,55813.31,Closed Won,2024-09-12,2024-09-20,
ORD-0000406,CUST-000118,2024-09-19,Custom Kitchen,Trade Show,55907.28,Closed Won,2024-09-21,2024-10-02,
ORD-0000407,CUST-000084,2024-10-18,Full Home Transformation,Referral,173849.38,Closed Won,2024-10-20,2024-10-26,
ORD-0000408,CUST-000281,2024-10-07,Full Home Transformation,Referral,240016.92,Closed Won,2024-10-14,2024-10-31,
ORD-0000409,CUST-000282,2024-10-16,Commercial Space,Online Ad,126449.62,Closed Won,2024-10-19,2024-10-31,
ORD-0000410,CUST-000283,2024-10-01,Full Home Transformation,Online Ad,59260.69,Closed Won,2024-10-10,2024-11-04,
ORD-0000411,CUST-000284,2024-10-21,Custom Kitchen,Website,34349.61,Closed Won,2024-10-24,2024-11-04,
ORD-0000412,CUST-000264,2024-10-23,Specialty Cabinetry,Trade Show,20051.61,Closed Won,2024-10-31,2024-11-19,
ORD-0000413,CUST-000272,2024-10-18,Specialty Cabinetry,Showroom Visit,27821.97,Closed Won,2024-10-24,2024-11-12,Find dream six while individual when detail.
ORD-0000414,CUST-000285,2024-10-15,Full Home Transformation,Trade Show,139813.82,Closed Won,2024-10-18,2024-10-26,
ORD-0000415,CUST-000235,2024-10-26,Specialty Cabinetry,Online Ad,7031.57,Closed Won,2024-11-02,2024-11-19,
ORD-0000416,CUST-000011,2024-10-30,Custom Kitchen,Referral,39046.12,Closed Won,2024-11-26,2024-12-15,
ORD-0000417,CUST-000286,2024-10-14,Custom Kitchen,Website,28301.39,Closed Won,2024-10-17,2024-11-09,
ORD-0000418,CUST-000287,2024-10-24,Specialty Cabinetry,Trade Show,22049.09,Closed Won,2024-10-28,2024-11-06,
ORD-0000419,CUST-000202,2024-10-16,Custom Kitchen,Showroom Visit,51723.43,Closed Won,2024-10-18,2024-11-01,
ORD-0000420,CUST-000288,2024-10-27,Custom Kitchen,Online Ad,74248.89,Closed Won,2024-10-30,2024-11-04,
ORD-0000421,CUST-000203,2024-10-28,Custom Kitchen,Referral,65306.51,Closed Won,2024-11-08,2024-11-21,
ORD-0000422,CUST-000289,2024-10-28,Specialty Cabinetry,Website,24349.58,Closed Won,2024-11-01,2024-11-16,
ORD-0000423,CUST-000290,2024-10-03,Specialty Cabinetry,Showroom Visit,5033.37,Closed Won,2024-10-08,2024-10-15,
ORD-0000424,CUST-000055,2024-10-17,Specialty Cabinetry,Trade Show,27534.72,Closed Won,2024-10-21,2024-11-16,
ORD-0000425,CUST-000291,2024-10-05,Full Home Transformation,Showroom Visit,203889.69,Closed Won,2024-10-11,2024-10-25,
ORD-0000426,CUST-000292,2024-10-08,Specialty Cabinetry,Referral,23152.08,Closed Lost,2024-10-10,2024-11-04,
ORD-0000427,CUST-000024,2024-10-19,Custom Kitchen,Website,27686.5,Closed Lost,2024-10-25,2024-11-05,
ORD-0000428,CUST-000293,2024-10-17,Commercial Space,Trade Show,100781.46,Closed Won,2024-11-10,2024-11-29,
ORD-0000429,CUST-000294,2024-10-02,Specialty Cabinetry,Showroom Visit,19781.46,Closed Won,2024-10-04,2024-10-13,
ORD-0000430,CUST-000031,2024-10-19,Commercial Space,Website,96098.9,Closed Won,2024-10-26,2024-11-14,
ORD-0000431,CUST-000295,2024-10-24,Specialty Cabinetry,Showroom Visit,9481.97,Closed Lost,2024-10-29,2024-12-10,
ORD-0000432,CUST-000055,2024-10-30,Full Home Transformation,Showroom Visit,160351.79,Closed Lost,2024-11-06,2024-11-12,
ORD-0000433,CUST-000057,2024-10-10,Full Home Transformation,Website,240902.9,Closed Won,2024-10-13,2024-10-18,
ORD-0000434,CUST-000296,2024-10-12,Specialty Cabinetry,Online Ad,18427.19,Closed Won,2024-10-14,2024-10-29,
ORD-0000435,CUST-000297,2024-10-18,Specialty Cabinetry,Showroom Visit,15820.54,Closed Lost,2024-10-21,2024-11-19,
ORD-0000436,CUST-000222,2024-10-20,Commercial Space,Referral,80669.32,Closed Won,2024-10-22,2024-10-29,Just time according number his audience help.
ORD-0000437,CUST-000233,2024-10-04,Specialty Cabinetry,Trade Show,27244.32,Closed Lost,2024-10-07,2024-10-16,
ORD-0000438,CUST-000298,2024-10-07,Custom Kitchen,Trade Show,60342.11,Closed Won,2024-10-15,2024-10-23,
ORD-0000439,CUST-000299,2024-10-26,Commercial Space,Referral,116913.26,Closed Won,2024-11-03,2024-11-15,
ORD-0000440,CUST-000128,2024-10-20,Commercial Space,Online Ad,114037.29,Closed Won,2024-11-11,2024-11-24,
ORD-0000441,CUST-000300,2024-10-18,Full Home Transformation,Trade Show,132534.05,Closed Won,2024-11-04,2024-12-02,
ORD-0000442,CUST-000301,2024-10-04,Specialty Cabinetry,Online Ad,20983.28,Closed Lost,2024-10-21,2024-11-07,
ORD-0000443,CUST-000257,2024-10-18,Specialty Cabinetry,Online Ad,15038.06,Closed Won,2024-10-28,2024-11-08,
ORD-0000444,CUST-000158,2024-10-06,Commercial Space,Trade Show,100811.54,Closed Won,2024-10-25,2024-11-07,
ORD-0000445,CUST-000302,2024-10-18,Commercial Space,Trade Show,31303.6,Closed Won,2024-10-20,2024-11-07,
ORD-0000446,CUST-000279,2024-10-18,Specialty Cabinetry,Website,7934.75,Closed Lost,2024-10-27,2024-11-08,
ORD-0000447,CUST-000223,2024-10-18,Specialty Cabinetry,Referral,10421.11,Closed Won,2024-10-30,2024-11-14,
ORD-0000448,CUST-000288,2024-10-27,Specialty Cabinetry,Referral,22011.42,Closed Won,2024-11-09,2024-11-29,
ORD-0000449,CUST-000209,2024-10-22,Commercial Space,Online Ad,105676.31,Closed Lost,2024-10-29,2024-11-18,
ORD-0000450,CUST-000303,2024-10-30,Specialty Cabinetry,Website,5900.09,Closed Won,2024-11-04,2024-11-14,
ORD-0000451,CUST-000111,2024-10-05,Specialty Cabinetry,Online Ad,12615.37,Closed Lost,2024-10-11,2024-10-22,
ORD-0000452,CUST-000304,2024-10-23,Full Home Transformation,Online Ad,210425.79,Closed Won,2024-10-26,2024-11-19,
ORD-0000453,CUST-000305,2024-10-29,Full Home Transformation,Online Ad,173294.97,Closed Won,2024-11-01,2024-11-11,
ORD-0000454,CUST-000306,2024-10-25,Custom Kitchen,Trade Show,45231.56,Closed Won,2024-11-04,2024-11-16,
ORD-0000455,CUST-000307,2024-10-30,Commercial Space,Showroom Visit,54287.0,Closed Won,2024-11-05,2024-11-12,
ORD-0000456,CUST-000282,2024-10-30,Custom Kitchen,Showroom Visit,30686.59,Closed Won,2024-11-01,2024-11-20,
ORD-0000457,CUST-000049,2024-10-21,Commercial Space,Referral,107744.7,Closed Won,2024-11-11,2024-11-18,
ORD-0000458,CUST-000308,2024-10-08,Full Home Transformation,Website,71726.84,Closed Lost,2024-10-14,2024-10-28,
ORD-0000459,CUST-000125,2024-10-11,Specialty Cabinetry,Website,11781.79,Closed Won,2024-10-14,2024-10-31,
ORD-0000460,CUST-000309,2024-10-26,Full Home Transformation,Online Ad,139079.61,Closed Won,2024-11-04,2024-11-18,
ORD-0000461,CUST-000310,2024-10-23,Full Home Transformation,Referral,203095.26,Closed Won,2024-10-26,2024-11-08,
ORD-0000462,CUST-000311,2024-10-03,Full Home Transformation,Website,56149.83,Closed Won,2024-10-05,2024-10-21,
ORD-0000463,CUST-000119,2024-10-26,Specialty Cabinetry,Online Ad,20933.78,Closed Won,2024-11-06,2024-11-22,
ORD-0000464,CUST-000312,2024-10-13,Full Home Transformation,Trade Show,57422.62,Closed Lost,2024-10-28,2024-11-25,
ORD-0000465,CUST-000313,2024-10-21,Commercial Space,Trade Show,51348.56,Closed Won,2024-10-23,2024-11-08,
ORD-0000466,CUST-000314,2024-10-25,Full Home Transformation,Online Ad,52775.04,Closed Won,2024-10-27,2024-11-11,
ORD-0000467,CUST-000061,2024-10-09,Commercial Space,Website,69696.72,Closed Won,2024-10-24,2024-11-04,
ORD-0000468,CUST-000315,2024-10-10,Specialty Cabinetry,Online Ad,27858.24,Closed Won,2024-11-04,2024-11-13,
ORD-0000469,CUST-000316,2024-10-14,Full Home Transformation,Trade Show,114774.76,Closed Lost,2024-10-16,2024-10-28,
ORD-0000470,CUST-000317,2024-10-27,Commercial Space,Online Ad,60084.16,Closed Won,2024-10-31,2024-11-20,
ORD-0000471,CUST-000318,2024-10-31,Specialty Cabinetry,Trade Show,28322.14,Closed Won,2024-11-05,2024-11-25,
ORD-0000472,CUST-000319,2024-10-30,Custom Kitchen,Showroom Visit,79134.69,Closed Won,2024-11-03,2024-11-15,
ORD-0000473,CUST-000070,2024-10-12,Commercial Space,Online Ad,30729.89,Closed Lost,2024-10-18,2024-10-28,
ORD-0000474,CUST-000320,2024-10-28,Specialty Cabinetry,Referral,12357.72,Closed Lost,2024-11-14,2024-12-18,
ORD-0000475,CUST-000321,2024-10-29,Specialty Cabinetry,Online Ad,21304.99,Closed Won,2024-11-04,2024-11-11,
ORD-0000476,CUST-000322,2024-10-26,Specialty Cabinetry,Referral,29652.83,Closed Won,2024-11-07,2024-12-09,
ORD-0000477,CUST-000323,2024-10-22,Full Home Transformation,Referral,197453.88,Closed Won,2024-10-29,2024-11-20,
ORD-0000478,CUST-000305,2024-10-30,Commercial Space,Online Ad,101194.88,Closed Won,2024-11-04,2024-11-25,
ORD-0000479,CUST-000253,2024-11-30,Specialty Cabinetry,Online Ad,5475.49,Closed Won,2024-12-15,2025-01-02,
ORD-0000480,CUST-000234,2024-11-26,Full Home Transformation,Website,69259.18,Closed Won,2024-11-29,2025-01-05,
ORD-0000481,CUST-000030,2024-11-19,Commercial Space,Trade Show,124012.64,Closed Won,2024-11-25,2024-12-12,
ORD-0000482,CUST-000123,2024-11-06,Specialty Cabinetry,Online Ad,27544.61,Closed Won,2024-11-18,2024-12-08,
ORD-0000483,CUST-000324,2024-11-09,Specialty Cabinetry,Trade Show,16351.5,Closed Won,2024-11-12,2024-12-01,Simply nation company claim night doctor attorney own.
ORD-0000484,CUST-000039,2024-11-20,Specialty Cabinetry,Showroom Visit,11855.31,Closed Won,2024-11-26,2024-12-03,
ORD-0000485,CUST-000325,2024-11-27,Commercial Space,Referral,127967.45,Closed Lost,2024-12-02,2024-12-30,
ORD-0000486,CUST-000059,2024-11-02,Full Home Transformation,Website,50835.92,Closed Won,2024-11-11,2024-11-16,
ORD-0000487,CUST-000326,2024-11-22,Specialty Cabinetry,Trade Show,14241.09,Closed Won,2024-11-25,2024-12-09,
ORD-0000488,CUST-000327,2024-11-27,Commercial Space,Online Ad,113712.02,Closed Won,2024-11-29,2024-12-16,
ORD-0000489,CUST-000328,2024-11-30,Specialty Cabinetry,Showroom Visit,28552.33,Closed Lost,2024-12-03,2024-12-13,
ORD-0000490,CUST-000262,2024-11-23,Full Home Transformation,Showroom Visit,180141.26,Closed Won,2024-11-28,2024-12-12,
ORD-0000491,CUST-000329,2024-11-30,Custom Kitchen,Website,28403.1,Closed Won,2024-12-05,2024-12-20,
ORD-0000492,CUST-000330,2024-11-13,Specialty Cabinetry,Online Ad,26723.88,Closed Won,2024-12-02,2024-12-22,
ORD-0000493,CUST-000331,2024-11-22,Specialty Cabinetry,Trade Show,14907.77,Closed Won,2024-12-02,2025-01-07,
ORD-0000494,CUST-000332,2024-11-24,Custom Kitchen,Showroom Visit,25183.9,Closed Won,2024-12-03,2024-12-09,
ORD-0000495,CUST-000333,2024-11-21,Specialty Cabinetry,Referral,11503.1,Closed Won,2024-12-05,2024-12-16,
ORD-0000496,CUST-000144,2024-11-22,Specialty Cabinetry,Online Ad,26864.3,Closed Won,2024-11-27,2024-12-27,
ORD-0000497,CUST-000334,2024-11-16,Full Home Transformation,Website,75698.57,Closed Lost,2024-11-18,2024-12-02,
ORD-0000498,CUST-000335,2024-11-03,Custom Kitchen,Referral,64951.03,Closed Won,2024-11-06,2024-11-18,
ORD-0000499,CUST-000336,2024-11-13,Full Home Transformation,Referral,220901.8,Closed Won,2024-11-17,2024-12-03,
ORD-0000500,CUST-000337,2024-11-07,Custom Kitchen,Website,33045.75,Closed Lost,2024-11-15,2024-11-19,
ORD-0000501,CUST-000338,2024-11-09,Specialty Cabinetry,Online Ad,8415.06,Closed Won,2024-11-13,2024-11-24,
ORD-0000502,CUST-000339,2024-11-23,Full Home Transformation,Showroom Visit,126997.83,Closed Won,2024-12-01,2024-12-23,
ORD-0000503,CUST-000124,2024-11-29,Full Home Transformation,Website,57420.55,Closed Lost,2024-12-01,2024-12-16,
ORD-0000504,CUST-000340,2024-11-10,Custom Kitchen,Website,48965.04,Closed Won,2024-11-19,2024-12-10,
ORD-0000505,CUST-000341,2024-11-03,Commercial Space,Online Ad,122703.29,Closed Won,2024-11-06,2024-11-15,
ORD-0000506,CUST-000295,2024-11-18,Full Home Transformation,Showroom Visit,143972.22,Closed Won,2024-11-22,2024-12-23,
ORD-0000507,CUST-000342,2024-11-19,Full Home Transformation,Showroom Visit,175312.74,Closed Won,2024-11-22,2024-12-09,
ORD-0000508,CUST-000343,2024-11-03,Full Home Transformation,Online Ad,178657.2,Closed Won,2024-11-08,2024-11-29,
ORD-0000509,CUST-000344,2024-11-30,Full Home Transformation,Website,207926.4,Closed Lost,2024-12-06,2024-12-11,
ORD-0000510,CUST-000066,2024-11-14,Custom Kitchen,Referral,67274.44,Closed Lost,2024-11-16,2024-12-12,
ORD-0000511,CUST-000002,2024-11-29,Full Home Transformation,Website,140404.88,Closed Won,2024-12-02,2024-12-18,
ORD-0000512,CUST-000345,2024-11-26,Specialty Cabinetry,Online Ad,13457.01,Closed Won,2024-11-28,2024-12-06,
ORD-0000513,CUST-000346,2024-11-13,Specialty Cabinetry,Website,8666.07,Closed Lost,2024-11-25,2024-12-05,
ORD-0000514,CUST-000347,2024-11-21,Specialty Cabinetry,Referral,5508.2,Closed Lost,2024-11-29,2024-12-19,
ORD-0000515,CUST-000346,2024-11-17,Custom Kitchen,Online Ad,56911.3,Closed Won,2024-11-21,2024-12-02,
ORD-0000516,CUST-000348,2024-11-02,Specialty Cabinetry,Referral,24957.2,Closed Won,2024-11-14,2024-11-23,
ORD-0000517,CUST-000062,2024-11-23,Specialty Cabinetry,Showroom Visit,25838.08,Closed Lost,2024-11-27,2024-12-24,
ORD-0000518,CUST-000307,2024-11-20,Custom Kitchen,Trade Show,68329.35,Closed Won,2024-11-24,2024-12-01,
ORD-0000519,CUST-000349,2024-11-26,Custom Kitchen,Website,66438.77,Closed Won,2024-12-05,2024-12-16,
ORD-0000520,CUST-000350,2024-11-17,Full Home Transformation,Showroom Visit,244733.25,Closed Won,2024-11-23,2024-12-02,
ORD-0000521,CUST-000266,2024-11-29,Specialty Cabinetry,Online Ad,5054.79,Closed Won,2024-12-06,2024-12-16,
ORD-0000522,CUST-000351,2024-11-29,Commercial Space,Online Ad,46169.77,Closed Won,2024-12-09,2024-12-25,
ORD-0000523,CUST-000352,2024-11-14,Custom Kitchen,Website,76930.31,Closed Won,2024-11-16,2024-12-14,
ORD-0000524,CUST-000179,2024-11-05,Commercial Space,Website,132093.85,Closed Won,2024-11-07,2024-11-22,Machine all attorney might.
ORD-0000525,CUST-000089,2024-11-15,Custom Kitchen,Website,73640.85,Closed Won,2024-11-18,2024-11-28,
ORD-0000526,CUST-000353,2024-11-21,Full Home Transformation,Website,109192.93,Closed Lost,2024-11-26,2024-12-05,Among read bed try strategy test.
ORD-0000527,CUST-000033,2024-11-17,Specialty Cabinetry,Trade Show,13566.53,Closed Lost,2024-11-19,2024-11-22,
ORD-0000528,CUST-000354,2024-11-16,Commercial Space,Trade Show,102256.13,Closed Won,2024-11-22,2024-12-05,
ORD-0000529,CUST-000355,2024-11-14,Full Home Transformation,Referral,248071.03,Closed Won,2024-11-19,2024-12-01,
ORD-0000530,CUST-000356,2024-11-30,Commercial Space,Website,75819.26,Closed Lost,2024-12-06,2024-12-16,Realize south enjoy each evening do.
ORD-0000531,CUST-000337,2024-11-30,Full Home Transformation,Referral,74981.06,Closed Won,2024-12-10,2025-01-28,Site before drive loss fact there measure.
ORD-0000532,CUST-000357,2024-11-30,Specialty Cabinetry,Showroom Visit,16976.28,Closed Lost,2024-12-04,2024-12-13,
ORD-0000533,CUST-000358,2024-11-29,Specialty Cabinetry,Trade Show,9584.29,Closed Won,2024-12-02,2025-01-03,
ORD-0000534,CUST-000264,2024-11-05,Commercial Space,Showroom Visit,145732.17,Closed Lost,2024-11-11,2024-11-19,
ORD-0000535,CUST-000169,2024-11-15,Custom Kitchen,Website,46515.31,Closed Won,2024-11-20,2024-11-30,
ORD-0000536,CUST-000359,2024-11-17,Custom Kitchen,Referral,37755.8,Closed Lost,2024-11-23,2025-01-01,
ORD-0000537,CUST-000135,2024-11-21,Specialty Cabinetry,Website,11096.33,Closed Lost,2024-11-27,2024-12-03,
ORD-0000538,CUST-000360,2024-11-24,Full Home Transformation,Online Ad,196674.96,Closed Won,2024-12-02,2024-12-12,
ORD-0000539,CUST-000361,2024-12-16,Specialty Cabinetry,Referral,21192.54,Closed Won,2024-12-19,2024-12-27,
ORD-0000540,CUST-000362,2024-12-31,Commercial Space,Trade Show,61490.01,Closed Won,2025-01-03,2025-01-13,
ORD-0000541,CUST-000363,2024-12-08,Commercial Space,Referral,89966.15,Closed Won,2024-12-21,2025-02-07,
ORD-0000542,CUST-000364,2024-12-02,Specialty Cabinetry,Showroom Visit,17228.15,Closed Won,2024-12-09,2025-01-07,
ORD-0000543,CUST-000365,2024-12-06,Specialty Cabinetry,Showroom Visit,25930.69,Closed Lost,2024-12-20,2025-01-06,
ORD-0000544,CUST-000366,2024-12-01,Custom Kitchen,Online Ad,73144.24,Closed Won,2024-12-06,2024-12-20,
ORD-0000545,CUST-000367,2024-12-16,Commercial Space,Trade Show,124751.18,Closed Lost,2024-12-19,2024-12-24,
ORD-0000546,CUST-000004,2024-12-11,Specialty Cabinetry,Trade Show,20874.34,Closed Won,2024-12-19,2025-01-13,
ORD-0000547,CUST-000368,2024-12-29,Full Home Transformation,Showroom Visit,179925.08,Closed Lost,2025-01-02,2025-01-20,
ORD-0000548,CUST-000218,2024-12-21,Full Home Transformation,Trade Show,126019.96,Closed Won,2024-12-26,2025-01-17,
ORD-0000549,CUST-000113,2024-12-26,Full Home Transformation,Website,153817.48,Closed Won,2024-12-31,2025-02-07,Candidate difference go various always rate.
ORD-0000550,CUST-000182,2024-12-19,Full Home Transformation,Showroom Visit,215855.39,Closed Lost,2024-12-30,2025-01-07,
ORD-0000551,CUST-000278,2024-12-21,Custom Kitchen,Online Ad,44413.68,Closed Won,2024-12-30,2025-01-13,
ORD-0000552,CUST-000369,2024-12-27,Custom Kitchen,Trade Show,59720.89,Closed Won,2024-12-30,2025-01-16,
ORD-0000553,CUST-000370,2024-12-30,Full Home Transformation,Showroom Visit,98201.08,Closed Won,2025-01-06,2025-01-19,
ORD-0000554,CUST-000133,2024-12-24,Commercial Space,Trade Show,63724.84,Closed Won,2025-01-01,2025-01-24,
ORD-0000555,CUST-000371,2024-12-23,Specialty Cabinetry,Trade Show,20496.22,Closed Won,2024-12-31,2025-01-07,
ORD-0000556,CUST-000075,2024-12-09,Custom Kitchen,Trade Show,47597.57,Closed Won,2024-12-13,2024-12-28,
ORD-0000557,CUST-000213,2024-12-12,Specialty Cabinetry,Trade Show,28485.3,Closed Won,2024-12-16,2024-12-23,
ORD-0000558,CUST-000372,2024-12-13,Specialty Cabinetry,Website,18338.09,Closed Won,2024-12-22,2025-01-01,
ORD-0000559,CUST-000373,2024-12-18,Specialty Cabinetry,Online Ad,16734.35,Closed Lost,2025-01-10,2025-01-27,
ORD-0000560,CUST-000374,2024-12-19,Commercial Space,Website,47363.0,Closed Won,2024-12-24,2025-01-01,
ORD-0000561,CUST-000375,2024-12-16,Custom Kitchen,Website,30115.61,Closed Lost,2024-12-18,2025-01-01,Chair international ok.
ORD-0000562,CUST-000089,2024-12-08,Specialty Cabinetry,Referral,16899.03,Closed Lost,2024-12-11,2025-01-15,
ORD-0000563,CUST-000150,2024-12-31,Specialty Cabinetry,Trade Show,19533.06,Closed Lost,2025-01-02,2025-01-30,
ORD-0000564,CUST-000376,2024-12-06,Custom Kitchen,Online Ad,47587.02,Closed Won,2024-12-09,2025-01-13,
ORD-0000565,CUST-000377,2024-12-30,Full Home Transformation,Showroom Visit,193363.39,Closed Won,2025-01-02,2025-01-27,
ORD-0000566,CUST-000378,2024-12-08,Custom Kitchen,Trade Show,65642.46,Closed Won,2024-12-12,2025-01-20,
ORD-0000567,CUST-000379,2024-12-26,Specialty Cabinetry,Showroom Visit,24253.43,Closed Won,2024-12-30,2025-01-06,
ORD-0000568,CUST-000380,2024-12-02,Commercial Space,Referral,99130.02,Closed Won,2024-12-04,2024-12-21,
ORD-0000569,CUST-000361,2024-12-21,Custom Kitchen,Online Ad,45164.3,Closed Won,2024-12-24,2025-01-03,
ORD-0000570,CUST-000381,2024-12-03,Specialty Cabinetry,Showroom Visit,5114.82,Closed Won,2024-12-06,2024-12-21,
ORD-0000571,CUST-000316,2024-12-03,Custom Kitchen,Website,61764.99,Closed Won,2024-12-23,2025-01-27,
ORD-0000572,CUST-000382,2024-12-30,Custom Kitchen,Online Ad,73216.06,Closed Won,2025-01-04,2025-02-10,
ORD-0000573,CUST-000193,2024-12-11,Commercial Space,Showroom Visit,87774.93,Closed Lost,2024-12-16,2024-12-23,
ORD-0000574,CUST-000383,2024-12-20,Commercial Space,Trade Show,30674.15,Closed Won,2024-12-24,2025-01-08,
ORD-0000575,CUST-000384,2024-12-23,Commercial Space,Referral,87154.52,Closed Won,2024-12-30,2025-01-13,
ORD-0000576,CUST-000385,2024-12-13,Specialty Cabinetry,Showroom Visit,24654.43,Closed Won,2024-12-20,2025-01-09,
ORD-0000577,CUST-000045,2024-12-09,Commercial Space,Referral,129994.03,Closed Won,2024-12-14,2024-12-20,
ORD-0000578,CUST-000386,2024-12-03,Commercial Space,Showroom Visit,39626.0,Closed Won,2024-12-09,2024-12-22,
ORD-0000579,CUST-000387,2024-12-19,Full Home Transformation,Referral,181995.69,Closed Lost,2025-01-15,2025-01-24,
ORD-0000580,CUST-000388,2024-12-24,Full Home Transformation,Referral,214127.9,Closed Won,2024-12-30,2025-01-09,
ORD-0000581,CUST-000389,2024-12-12,Commercial Space,Trade Show,112844.18,Closed Lost,2024-12-18,2024-12-27,
ORD-0000582,CUST-000390,2024-12-01,Specialty Cabinetry,Referral,22886.26,Closed Won,2024-12-11,2025-01-04,
ORD-0000583,CUST-000391,2024-12-08,Custom Kitchen,Online Ad,47078.25,Closed Won,2025-01-02,2025-01-13,
ORD-0000584,CUST-000272,2024-12-05,Full Home Transformation,Showroom Visit,62674.43,Closed Won,2024-12-16,2024-12-25,
ORD-0000585,CUST-000085,2024-12-31,Commercial Space,Website,91704.35,Closed Won,2025-01-09,2025-01-16,
ORD-0000586,CUST-000392,2024-12-07,Full Home Transformation,Referral,211180.25,Closed Won,2024-12-20,2025-01-06,
ORD-0000587,CUST-000393,2024-12-17,Specialty Cabinetry,Online Ad,25068.85,Closed Won,2024-12-19,2025-01-09,
ORD-0000588,CUST-000225,2024-12-15,Commercial Space,Website,63271.99,Closed Lost,2024-12-20,2025-01-06,
ORD-0000589,CUST-000394,2024-12-21,Commercial Space,Showroom Visit,82440.98,Closed Won,2024-12-31,2025-01-08,
ORD-0000590,CUST-000120,2024-12-06,Specialty Cabinetry,Trade Show,29572.45,Closed Won,2024-12-19,2024-12-30,
ORD-0000591,CUST-000395,2024-12-31,Specialty Cabinetry,Website,28044.11,Closed Won,2025-01-07,2025-01-17,
ORD-0000592,CUST-000004,2024-12-12,Full Home Transformation,Showroom Visit,115947.35,Closed Won,2024-12-18,2024-12-26,
ORD-0000593,CUST-000375,2024-12-18,Custom Kitchen,Trade Show,31433.79,Closed Won,2025-01-05,2025-01-13,
ORD-0000594,CUST-000396,2024-12-07,Commercial Space,Trade Show,43088.78,Closed Won,2024-12-09,2024-12-23,
ORD-0000595,CUST-000397,2024-12-18,Full Home Transformation,Trade Show,230335.77,Closed Lost,2024-12-25,2025-01-21,
ORD-0000596,CUST-000398,2024-12-10,Commercial Space,Website,71974.95,Closed Won,2024-12-16,2024-12-30,
ORD-0000597,CUST-000246,2024-12-11,Custom Kitchen,Website,28372.71,Closed Won,2024-12-16,2024-12-27,
ORD-0000598,CUST-000399,2024-12-16,Full Home Transformation,Online Ad,220554.0,Closed Lost,2024-12-19,2025-02-03,
ORD-0000599,CUST-000400,2024-12-08,Custom Kitchen,Online Ad,45609.82,Closed Won,2024-12-13,2024-12-23,
ORD-0000600,CUST-000038,2024-12-09,Full Home Transformation,Referral,70616.67,Closed Won,2024-12-24,2024-12-30,
ORD-0000601,CUST-000401,2024-12-15,Specialty Cabinetry,Showroom Visit,12686.47,Closed Won,2024-12-18,2025-01-13,
ORD-0000602,CUST-000201,2024-12-24,Custom Kitchen,Showroom Visit,33971.77,Closed Won,2024-12-30,2025-01-06,
ORD-0000603,CUST-000402,2025-01-02,Commercial Space,Website,22817.15,Closed Won,2025-01-06,2025-01-20,
ORD-0000604,CUST-000205,2025-01-28,Commercial Space,Showroom Visit,23783.46,Closed Lost,2025-01-31,2025-02-10,
ORD-0000605,CUST-000072,2025-01-27,Full Home Transformation,Trade Show,158540.4,Closed Won,2025-01-30,2025-02-23,Goal strong shake north create late old clear.
ORD-0000606,CUST-000403,2025-01-05,Full Home Transformation,Referral,117757.22,Closed Won,2025-01-09,2025-01-20,
ORD-0000607,CUST-000245,2025-01-24,Commercial Space,Referral,28297.44,Closed Won,2025-01-31,2025-02-10,Consumer catch blue begin song before.
ORD-0000608,CUST-000404,2025-01-07,Full Home Transformation,Referral,68811.87,Closed Won,2025-01-10,2025-01-21,
ORD-0000609,CUST-000405,2025-01-06,Custom Kitchen,Online Ad,33418.03,Closed Won,2025-01-09,2025-02-02,
ORD-0000610,CUST-000406,2025-01-06,Custom Kitchen,Online Ad,35864.82,Closed Won,2025-01-09,2025-01-17,
ORD-0000611,CUST-000407,2025-01-23,Custom Kitchen,Trade Show,73938.98,Closed Lost,2025-01-29,2025-02-03,
ORD-0000612,CUST-000265,2025-01-12,Commercial Space,Online Ad,96626.82,Closed Won,2025-01-15,2025-01-25,
ORD-0000613,CUST-000218,2025-01-22,Full Home Transformation,Online Ad,141851.12,Closed Lost,2025-01-27,2025-02-11,
ORD-0000614,CUST-000408,2025-01-27,Custom Kitchen,Website,48973.27,Closed Won,2025-02-10,2025-02-19,
ORD-0000615,CUST-000022,2025-01-25,Custom Kitchen,Trade Show,44233.67,Closed Won,2025-01-28,2025-02-06,
ORD-0000616,CUST-000409,2025-01-21,Full Home Transformation,Referral,88260.69,Closed Won,2025-01-27,2025-02-08,
ORD-0000617,CUST-000410,2025-01-28,Commercial Space,Referral,25841.8,Closed Won,2025-01-30,2025-03-05,
ORD-0000618,CUST-000411,2025-01-09,Full Home Transformation,Trade Show,132365.24,Closed Won,2025-01-13,2025-02-10,
ORD-0000619,CUST-000412,2025-01-03,Specialty Cabinetry,Online Ad,11795.3,Closed Won,2025-01-10,2025-01-30,
ORD-0000620,CUST-000413,2025-01-21,Full Home Transformation,Website,65862.2,Closed Won,2025-01-31,2025-03-03,
ORD-0000621,CUST-000202,2025-01-30,Specialty Cabinetry,Website,24737.96,Closed Won,2025-02-04,2025-02-18,
ORD-0000622,CUST-000336,2025-01-27,Custom Kitchen,Referral,75554.41,Closed Lost,2025-02-03,2025-02-11,
ORD-0000623,CUST-000414,2025-01-25,Custom Kitchen,Website,39066.43,Closed Won,2025-01-28,2025-02-03,
ORD-0000624,CUST-000415,2025-01-04,Specialty Cabinetry,Referral,5773.04,Closed Lost,2025-01-14,2025-01-21,
ORD-0000625,CUST-000416,2025-01-28,Commercial Space,Showroom Visit,29996.33,Closed Won,2025-02-06,2025-02-21,
ORD-0000626,CUST-000337,2025-01-30,Custom Kitchen,Website,66926.18,Closed Won,2025-02-10,2025-03-10,
ORD-0000627,CUST-000213,2025-01-26,Full Home Transformation,Showroom Visit,59774.2,Closed Lost,2025-02-07,2025-03-11,
ORD-0000628,CUST-000417,2025-01-30,Custom Kitchen,Website,55295.53,Closed Won,2025-02-10,2025-03-04,
ORD-0000629,CUST-000418,2025-01-26,Commercial Space,Trade Show,67389.27,Closed Won,2025-01-31,2025-03-10,Enjoy specific speech deal wonder.
ORD-0000630,CUST-000419,2025-01-18,Custom Kitchen,Website,75978.87,Closed Lost,2025-01-20,2025-02-04,
ORD-0000631,CUST-000032,2025-01-22,Specialty Cabinetry,Showroom Visit,16386.19,Closed Won,2025-01-24,2025-02-01,
ORD-0000632,CUST-000420,2025-01-01,Full Home Transformation,Referral,80767.74,Closed Won,2025-01-07,2025-01-24,
ORD-0000633,CUST-000421,2025-01-26,Custom Kitchen,Showroom Visit,37856.99,Closed Won,2025-02-11,2025-02-19,
ORD-0000634,CUST-000422,2025-01-16,Commercial Space,Online Ad,41590.82,Closed Won,2025-01-19,2025-01-31,
ORD-0000635,CUST-000423,2025-01-01,Specialty Cabinetry,Referral,24525.27,Closed Lost,2025-01-06,2025-01-16,
ORD-0000636,CUST-000424,2025-01-07,Full Home Transformation,Website,229687.26,Closed Won,2025-01-14,2025-01-27,
ORD-0000637,CUST-000300,2025-01-10,Specialty Cabinetry,Referral,18855.94,Closed Won,2025-01-15,2025-01-24,
ORD-0000638,CUST-000425,2025-01-09,Custom Kitchen,Trade Show,69718.48,Closed Won,2025-01-12,2025-01-20,
ORD-0000639,CUST-000426,2025-01-21,Commercial Space,Online Ad,59589.16,Closed Won,2025-01-25,2025-02-04,
ORD-0000640,CUST-000235,2025-01-11,Full Home Transformation,Showroom Visit,121114.87,Closed Lost,2025-01-16,2025-02-11,
ORD-0000641,CUST-000427,2025-01-22,Full Home Transformation,Website,209258.46,Closed Won,2025-02-06,2025-03-07,
ORD-0000642,CUST-000428,2025-01-04,Commercial Space,Website,24076.43,Closed Lost,2025-01-07,2025-01-29,
ORD-0000643,CUST-000429,2025-01-10,Commercial Space,Showroom Visit,76581.59,Closed Lost,2025-01-14,2025-01-22,
ORD-0000644,CUST-000430,2025-01-01,Specialty Cabinetry,Referral,7999.18,Closed Lost,2025-01-06,2025-01-10,
ORD-0000645,CUST-000431,2025-01-19,Commercial Space,Showroom Visit,87449.9,Closed Won,2025-01-24,2025-02-17,
ORD-0000646,CUST-000053,2025-01-05,Custom Kitchen,Trade Show,27623.19,Closed Won,2025-01-10,2025-02-10,
ORD-0000647,CUST-000432,2025-01-15,Specialty Cabinetry,Trade Show,21162.49,Closed Won,2025-01-18,2025-01-29,
ORD-0000648,CUST-000433,2025-01-24,Specialty Cabinetry,Showroom Visit,19144.53,Closed Lost,2025-02-05,2025-03-04,
ORD-0000649,CUST-000434,2025-01-07,Full Home Transformation,Referral,178406.31,Closed Won,2025-01-12,2025-01-29,
ORD-0000650,CUST-000435,2025-01-01,Custom Kitchen,Online Ad,26757.21,Closed Won,2025-01-09,2025-01-15,
ORD-0000651,CUST-000436,2025-01-11,Commercial Space,Showroom Visit,69804.35,Closed Lost,2025-01-15,2025-01-21,
ORD-0000652,CUST-000437,2025-01-07,Full Home Transformation,Showroom Visit,104067.4,Closed Lost,2025-01-10,2025-01-20,
ORD-0000653,CUST-000438,2025-01-27,Specialty Cabinetry,Referral,11536.08,Closed Won,2025-02-03,2025-02-12,
ORD-0000654,CUST-000439,2025-01-31,Custom Kitchen,Trade Show,26972.8,Closed Won,2025-02-07,2025-02-28,
ORD-0000655,CUST-000228,2025-01-31,Commercial Space,Trade Show,139639.43,Closed Won,2025-02-04,2025-02-21,Something attention nor.
ORD-0000656,CUST-000440,2025-01-25,Custom Kitchen,Online Ad,29789.7,Closed Won,2025-01-31,2025-02-24,
ORD-0000657,CUST-000441,2025-01-17,Commercial Space,Trade Show,31643.93,Closed Lost,2025-01-21,2025-01-28,Once work become be later personal should.
ORD-0000658,CUST-000442,2025-01-28,Commercial Space,Website,133393.71,Closed Lost,2025-01-30,2025-02-25,
ORD-0000659,CUST-000443,2025-01-09,Full Home Transformation,Website,131815.53,Closed Lost,2025-01-13,2025-01-31,
ORD-0000660,CUST-000444,2025-01-26,Specialty Cabinetry,Referral,5498.27,Closed Won,2025-02-05,2025-02-18,
ORD-0000661,CUST-000445,2025-01-16,Full Home Transformation,Website,154350.56,Closed Lost,2025-01-21,2025-02-06,
ORD-0000662,CUST-000215,2025-01-09,Commercial Space,Referral,51044.0,Closed Won,2025-01-31,2025-02-10,
ORD-0000663,CUST-000446,2025-01-10,Specialty Cabinetry,Showroom Visit,14270.27,Closed Lost,2025-01-14,2025-01-29,
ORD-0000664,CUST-000447,2025-01-08,Full Home Transformation,Online Ad,57584.74,Closed Won,2025-01-13,2025-02-03,
ORD-0000665,CUST-000448,2025-01-16,Specialty Cabinetry,Website,25252.92,Closed Lost,2025-01-21,2025-02-06,
ORD-0000666,CUST-000449,2025-01-02,Full Home Transformation,Website,62611.0,Closed Won,2025-01-20,2025-01-30,
ORD-0000667,CUST-000450,2025-01-14,Custom Kitchen,Showroom Visit,71688.86,Closed Won,2025-01-24,2025-02-03,
ORD-0000668,CUST-000296,2025-01-17,Commercial Space,Website,133392.24,Closed Won,2025-01-31,2025-02-13,
ORD-0000669,CUST-000451,2025-01-20,Commercial Space,Website,107854.57,Closed Won,2025-01-23,2025-02-03,
ORD-0000670,CUST-000452,2025-01-27,Full Home Transformation,Trade Show,159014.76,Closed Won,2025-01-29,2025-02-10,
ORD-0000671,CUST-000424,2025-01-22,Commercial Space,Online Ad,64431.61,Closed Won,2025-02-08,2025-02-20,
ORD-0000672,CUST-000453,2025-01-18,Full Home Transformation,Trade Show,61792.31,Closed Won,2025-01-20,2025-02-13,
ORD-0000673,CUST-000454,2025-01-14,Commercial Space,Showroom Visit,92722.7,Closed Won,2025-01-20,2025-02-07,
ORD-0000674,CUST-000455,2025-01-17,Specialty Cabinetry,Showroom Visit,8127.11,Closed Won,2025-01-31,2025-02-16,
ORD-0000675,CUST-000059,2025-02-01,Commercial Space,Trade Show,95116.71,Closed Won,2025-02-13,2025-02-22,
ORD-0000676,CUST-000124,2025-02-12,Commercial Space,Online Ad,91977.84,Closed Won,2025-03-03,2025-03-10,
ORD-0000677,CUST-000456,2025-02-01,Commercial Space,Referral,91810.02,Closed Won,2025-02-08,2025-02-17,
ORD-0000678,CUST-000457,2025-02-07,Custom Kitchen,Online Ad,49264.82,Closed Won,2025-02-11,2025-02-24,
ORD-0000679,CUST-000458,2025-02-07,Specialty Cabinetry,Trade Show,29802.07,Closed Won,2025-02-09,2025-03-06,
ORD-0000680,CUST-000291,2025-02-21,Specialty Cabinetry,Trade Show,16906.27,Closed Lost,2025-02-28,2025-03-26,
ORD-0000681,CUST-000459,2025-02-07,Custom Kitchen,Website,44177.54,Closed Won,2025-03-03,2025-03-11,Answer TV threat push father white point.
ORD-0000682,CUST-000460,2025-02-07,Specialty Cabinetry,Showroom Visit,19809.48,Closed Won,2025-02-14,2025-03-05,
ORD-0000683,CUST-000377,2025-02-02,Custom Kitchen,Trade Show,48629.2,Closed Lost,2025-02-06,2025-02-28,
ORD-0000684,CUST-000461,2025-02-24,Specialty Cabinetry,Trade Show,21717.72,Closed Lost,2025-02-27,2025-03-14,
ORD-0000685,CUST-000459,2025-02-14,Commercial Space,Referral,59455.88,Closed Won,2025-02-24,2025-03-06,
ORD-0000686,CUST-000462,2025-02-26,Commercial Space,Website,128207.44,Closed Won,2025-03-01,2025-03-12,
ORD-0000687,CUST-000463,2025-02-28,Commercial Space,Showroom Visit,128384.84,Closed Won,2025-03-04,2025-03-15,
ORD-0000688,CUST-000464,2025-02-06,Commercial Space,Online Ad,63154.34,Closed Won,2025-02-08,2025-02-24,
ORD-0000689,CUST-000465,2025-02-28,Custom Kitchen,Referral,35430.06,Closed Won,2025-03-10,2025-03-17,
ORD-0000690,CUST-000466,2025-02-08,Custom Kitchen,Trade Show,51438.26,Closed Won,2025-02-14,2025-03-14,
ORD-0000691,CUST-000467,2025-02-22,Full Home Transformation,Website,135303.34,Closed Won,2025-02-27,2025-03-09,
ORD-0000692,CUST-000125,2025-02-12,Commercial Space,Trade Show,49121.95,Closed Won,2025-02-23,2025-03-14,
ORD-0000693,CUST-000468,2025-02-13,Full Home Transformation,Referral,220880.8,Closed Lost,2025-03-06,2025-04-17,
ORD-0000694,CUST-000469,2025-02-22,Full Home Transformation,Showroom Visit,180015.28,Closed Won,2025-02-26,2025-03-05,Suggest involve program bank.
ORD-0000695,CUST-000470,2025-02-11,Full Home Transformation,Online Ad,109545.63,Closed Won,2025-02-14,2025-03-03,Condition heavy position.
ORD-0000696,CUST-000471,2025-02-18,Commercial Space,Referral,41809.55,Closed Lost,2025-02-21,2025-02-26,
ORD-0000697,CUST-000472,2025-02-24,Commercial Space,Online Ad,68424.87,Closed Won,2025-02-28,2025-03-05,
ORD-0000698,CUST-000473,2025-02-17,Full Home Transformation,Showroom Visit,108030.37,Closed Won,2025-02-25,2025-03-18,Company visit lay improve modern their.
ORD-0000699,CUST-000474,2025-02-19,Commercial Space,Trade Show,74975.44,Closed Won,2025-02-25,2025-03-10,
ORD-0000700,CUST-000475,2025-02-02,Commercial Space,Showroom Visit,86627.41,Closed Won,2025-02-07,2025-02-22,
ORD-0000701,CUST-000476,2025-02-10,Commercial Space,Referral,58089.52,Closed Won,2025-02-12,2025-03-26,
ORD-0000702,CUST-000477,2025-02-24,Specialty Cabinetry,Showroom Visit,19062.37,Closed Won,2025-02-27,2025-03-10,
ORD-0000703,CUST-000478,2025-02-07,Full Home Transformation,Showroom Visit,59696.33,Closed Won,2025-02-17,2025-03-02,
ORD-0000704,CUST-000479,2025-02-12,Specialty Cabinetry,Website,19741.62,Closed Won,2025-02-19,2025-03-03,
ORD-0000705,CUST-000105,2025-02-13,Specialty Cabinetry,Referral,18089.68,Closed Won,2025-02-18,2025-03-05,
ORD-0000706,CUST-000480,2025-02-05,Specialty Cabinetry,Showroom Visit,21740.7,Closed Lost,2025-02-11,2025-02-19,
ORD-0000707,CUST-000285,2025-02-15,Custom Kitchen,Showroom Visit,62267.77,Closed Won,2025-02-24,2025-03-19,
ORD-0000708,CUST-000481,2025-02-11,Full Home Transformation,Showroom Visit,199518.24,Closed Won,2025-02-17,2025-02-24,Even trial growth writer personal.
ORD-0000709,CUST-000482,2025-02-18,Custom Kitchen,Showroom Visit,54146.91,Closed Lost,2025-02-24,2025-03-04,
ORD-0000710,CUST-000483,2025-02-25,Custom Kitchen,Showroom Visit,66737.51,Closed Won,2025-03-10,2025-04-10,
ORD-0000711,CUST-000390,2025-02-08,Commercial Space,Website,62813.1,Closed Lost,2025-02-14,2025-02-26,
ORD-0000712,CUST-000484,2025-02-26,Custom Kitchen,Trade Show,48511.25,Closed Lost,2025-03-05,2025-03-27,
ORD-0000713,CUST-000485,2025-02-09,Custom Kitchen,Online Ad,73117.41,Closed Won,2025-02-20,2025-03-08,
ORD-0000714,CUST-000486,2025-02-24,Custom Kitchen,Trade Show,71895.66,Closed Won,2025-02-27,2025-03-17,
ORD-0000715,CUST-000314,2025-02-17,Specialty Cabinetry,Showroom Visit,25974.83,Closed Won,2025-02-28,2025-03-19,
ORD-0000716,CUST-000487,2025-02-26,Specialty Cabinetry,Website,15732.06,Closed Won,2025-03-02,2025-03-13,
ORD-0000717,CUST-000488,2025-02-24,Specialty Cabinetry,Trade Show,10985.66,Closed Won,2025-03-03,2025-03-17,
ORD-0000718,CUST-000489,2025-02-21,Custom Kitchen,Online Ad,69790.28,Closed Lost,2025-03-05,2025-03-25,
ORD-0000719,CUST-000002,2025-02-10,Specialty Cabinetry,Online Ad,28821.44,Closed Won,2025-02-17,2025-03-01,
ORD-0000720,CUST-000114,2025-02-01,Specialty Cabinetry,Website,29633.36,Closed Lost,2025-02-04,2025-03-10,
ORD-0000721,CUST-000189,2025-02-16,Specialty Cabinetry,Trade Show,28185.56,Closed Won,2025-02-19,2025-03-24,
ORD-0000722,CUST-000442,2025-02-24,Full Home Transformation,Showroom Visit,216040.52,Closed Won,2025-03-03,2025-03-31,
ORD-0000723,CUST-000490,2025-02-14,Commercial Space,Online Ad,44819.54,Closed Won,2025-02-17,2025-03-18,
ORD-0000724,CUST-000491,2025-02-21,Specialty Cabinetry,Online Ad,13823.98,Closed Lost,2025-03-02,2025-03-12,
ORD-0000725,CUST-000492,2025-02-23,Custom Kitchen,Referral,45756.52,Closed Won,2025-02-25,2025-03-11,
ORD-0000726,CUST-000493,2025-02-15,Full Home Transformation,Referral,240927.76,Closed Won,2025-02-18,2025-03-13,
ORD-0000727,CUST-000494,2025-02-21,Custom Kitchen,Website,49208.57,Closed Won,2025-02-24,2025-03-14,
ORD-0000728,CUST-000495,2025-02-27,Commercial Space,Showroom Visit,26597.87,Closed Lost,2025-03-04,2025-03-21,Sell race provide sure resource.
ORD-0000729,CUST-000496,2025-02-22,Commercial Space,Referral,146510.47,Closed Won,2025-02-27,2025-03-05,
ORD-0000730,CUST-000497,2025-02-01,Commercial Space,Website,63252.05,Closed Lost,2025-02-05,2025-04-01,Manage because hot.
ORD-0000731,CUST-000498,2025-02-16,Specialty Cabinetry,Online Ad,5132.69,Closed Won,2025-02-24,2025-02-28,
ORD-0000732,CUST-000261,2025-02-18,Full Home Transformation,Website,59297.79,Closed Won,2025-02-24,2025-03-18,
ORD-0000733,CUST-000499,2025-02-13,Specialty Cabinetry,Showroom Visit,17416.23,Closed Won,2025-02-16,2025-02-28,
ORD-0000734,CUST-000500,2025-02-03,Commercial Space,Website,50024.43,Closed Won,2025-02-14,2025-02-24,Street miss blue suffer reduce hear determine.
ORD-0000735,CUST-000034,2025-03-06,Custom Kitchen,Website,32644.06,Closed Won,2025-03-11,2025-03-20,Build good take might five.
ORD-0000736,CUST-000501,2025-03-02,Custom Kitchen,Website,49468.38,Closed Won,2025-03-10,2025-03-22,
ORD-0000737,CUST-000502,2025-03-02,Custom Kitchen,Showroom Visit,27753.08,Closed Won,2025-03-04,2025-03-18,
ORD-0000738,CUST-000503,2025-03-10,Custom Kitchen,Referral,69517.55,Closed Won,2025-03-12,2025-03-31,
ORD-0000739,CUST-000504,2025-03-31,Custom Kitchen,Referral,29497.36,Closed Won,2025-04-03,2025-04-10,
ORD-0000740,CUST-000342,2025-03-11,Specialty Cabinetry,Referral,7272.38,Closed Lost,2025-03-17,2025-03-24,
ORD-0000741,CUST-000505,2025-03-04,Commercial Space,Trade Show,124338.21,Closed Won,2025-03-13,2025-03-31,
ORD-0000742,CUST-000506,2025-03-23,Specialty Cabinetry,Trade Show,18883.24,Closed Won,2025-03-26,2025-04-23,
ORD-0000743,CUST-000507,2025-03-28,Full Home Transformation,Trade Show,79547.09,Closed Won,2025-03-31,2025-04-24,
ORD-0000744,CUST-000433,2025-03-02,Specialty Cabinetry,Trade Show,12723.35,Closed Won,2025-03-10,2025-04-07,
ORD-0000745,CUST-000508,2025-03-27,Custom Kitchen,Online Ad,75065.17,Closed Won,2025-04-09,2025-04-18,
ORD-0000746,CUST-000509,2025-03-11,Specialty Cabinetry,Showroom Visit,18715.27,Closed Lost,2025-03-17,2025-03-31,
ORD-0000747,CUST-000510,2025-03-10,Specialty Cabinetry,Showroom Visit,21574.8,Closed Won,2025-03-15,2025-03-31,
ORD-0000748,CUST-000169,2025-03-14,Full Home Transformation,Referral,134233.8,Closed Won,2025-03-30,2025-04-10,
ORD-0000749,CUST-000511,2025-03-05,Custom Kitchen,Trade Show,47900.3,Closed Won,2025-03-21,2025-03-28,
ORD-0000750,CUST-000512,2025-03-31,Specialty Cabinetry,Trade Show,22568.41,Closed Won,2025-04-03,2025-04-30,
ORD-0000751,CUST-000513,2025-03-06,Custom Kitchen,Trade Show,37361.58,Closed Won,2025-03-12,2025-04-04,
ORD-0000752,CUST-000514,2025-03-31,Commercial Space,Website,68422.03,Closed Won,2025-04-05,2025-04-14,
ORD-0000753,CUST-000515,2025-03-05,Commercial Space,Showroom Visit,121453.67,Closed Won,2025-03-10,2025-03-24,
ORD-0000754,CUST-000516,2025-03-21,Full Home Transformation,Showroom Visit,221336.89,Closed Lost,2025-04-04,2025-04-28,
ORD-0000755,CUST-000214,2025-03-19,Commercial Space,Online Ad,82819.54,Closed Lost,2025-03-27,2025-04-15,
ORD-0000756,CUST-000517,2025-03-01,Specialty Cabinetry,Referral,19348.16,Closed Lost,2025-03-04,2025-03-17,
ORD-0000757,CUST-000518,2025-03-07,Commercial Space,Online Ad,25382.14,Closed Lost,2025-03-14,2025-03-28,
ORD-0000758,CUST-000161,2025-03-15,Full Home Transformation,Website,173818.91,Closed Won,2025-03-20,2025-04-11,
ORD-0000759,CUST-000519,2025-03-06,Full Home Transformation,Referral,160244.44,Closed Won,2025-03-10,2025-03-23,
ORD-0000760,CUST-000130,2025-03-25,Specialty Cabinetry,Trade Show,8021.66,Closed Won,2025-03-30,2025-04-15,
ORD-0000761,CUST-000520,2025-03-08,Specialty Cabinetry,Trade Show,11931.46,Closed Lost,2025-03-18,2025-03-27,Time social machine card society professional.
ORD-0000762,CUST-000521,2025-03-12,Full Home Transformation,Online Ad,78798.12,Closed Won,2025-03-19,2025-04-03,
ORD-0000763,CUST-000522,2025-03-05,Full Home Transformation,Website,187685.89,Closed Won,2025-03-10,2025-04-23,
ORD-0000764,CUST-000523,2025-03-10,Commercial Space,Trade Show,32133.21,Closed Won,2025-03-17,2025-04-11,
ORD-0000765,CUST-000524,2025-03-08,Custom Kitchen,Referral,60886.87,Closed Won,2025-03-19,2025-04-13,
ORD-0000766,CUST-000525,2025-03-10,Commercial Space,Showroom Visit,61721.14,Closed Won,2025-03-17,2025-03-31,
ORD-0000767,CUST-000526,2025-03-22,Commercial Space,Website,47375.73,Closed Won,2025-03-27,2025-04-14,
ORD-0000768,CUST-000021,2025-03-08,Commercial Space,Showroom Visit,76917.07,Closed Won,2025-03-12,2025-03-23,
ORD-0000769,CUST-000527,2025-03-01,Specialty Cabinetry,Website,21361.25,Closed Won,2025-03-05,2025-03-17,
ORD-0000770,CUST-000240,2025-03-16,Specialty Cabinetry,Trade Show,26074.64,Closed Won,2025-03-25,2025-04-07,Such player community but why.
ORD-0000771,CUST-000528,2025-03-03,Commercial Space,Referral,31728.63,Closed Won,2025-03-05,2025-03-24,
ORD-0000772,CUST-000529,2025-03-13,Full Home Transformation,Trade Show,95449.33,Closed Won,2025-03-15,2025-04-01,
ORD-0000773,CUST-000530,2025-03-26,Commercial Space,Online Ad,47728.9,Closed Won,2025-04-03,2025-04-22,
ORD-0000774,CUST-000531,2025-03-08,Custom Kitchen,Trade Show,37511.13,Proposal,2025-04-28,,Speak budget specific firm easy at.
ORD-0000775,CUST-000091,2025-03-02,Specialty Cabinetry,Online Ad,16763.61,Closed Won,2025-03-05,2025-03-23,
ORD-0000776,CUST-000333,2025-03-24,Custom Kitchen,Online Ad,48357.53,Closed Lost,2025-03-30,2025-04-22,
ORD-0000777,CUST-000150,2025-03-11,Specialty Cabinetry,Referral,25256.87,Closed Won,2025-03-16,2025-04-10,
ORD-0000778,CUST-000532,2025-03-05,Commercial Space,Online Ad,85506.39,Closed Lost,2025-03-09,2025-03-25,
ORD-0000779,CUST-000250,2025-03-15,Specialty Cabinetry,Website,21261.92,Closed Won,2025-03-26,2025-04-08,
ORD-0000780,CUST-000222,2025-03-27,Specialty Cabinetry,Trade Show,15581.04,Closed Lost,2025-03-29,2025-04-15,
ORD-0000781,CUST-000311,2025-03-14,Full Home Transformation,Website,95995.55,Closed Won,2025-03-18,2025-04-14,
ORD-0000782,CUST-000533,2025-03-11,Commercial Space,Website,37012.76,Closed Won,2025-03-17,2025-03-23,
ORD-0000783,CUST-000534,2025-03-24,Specialty Cabinetry,Online Ad,8494.54,Closed Won,2025-04-02,2025-04-24,
ORD-0000784,CUST-000022,2025-03-27,Custom Kitchen,Referral,45757.04,Closed Lost,2025-03-30,2025-04-14,Add herself arm.
ORD-0000785,CUST-000535,2025-03-03,Commercial Space,Website,136965.07,Closed Lost,2025-03-24,2025-04-03,Yes author parent watch nothing street help.
ORD-0000786,CUST-000065,2025-03-28,Custom Kitchen,Referral,46262.41,Closed Won,2025-04-07,2025-04-24,
ORD-0000787,CUST-000536,2025-03-28,Custom Kitchen,Website,58836.54,Negotiation,2025-04-10,,
ORD-0000788,CUST-000537,2025-03-16,Commercial Space,Referral,76720.22,Closed Lost,2025-03-19,2025-04-04,
ORD-0000789,CUST-000538,2025-03-23,Full Home Transformation,Online Ad,154867.32,Closed Won,2025-04-01,2025-04-19,
ORD-0000790,CUST-000539,2025-04-28,Full Home Transformation,Online Ad,105864.33,Lead,,,
ORD-0000791,CUST-000540,2025-04-08,Full Home Transformation,Website,115811.1,Proposal,2025-04-30,,
ORD-0000792,CUST-000028,2025-04-16,Custom Kitchen,Trade Show,31418.83,Negotiation,2025-04-20,,
ORD-0000793,CUST-000541,2025-04-23,Specialty Cabinetry,Trade Show,21433.75,Proposal,2025-04-28,,
ORD-0000794,CUST-000542,2025-04-04,Full Home Transformation,Website,109435.87,Closed Lost,2025-04-19,2025-04-25,
ORD-0000795,CUST-000543,2025-04-17,Commercial Space,Showroom Visit,112776.58,Negotiation,2025-04-24,,
ORD-0000796,CUST-000544,2025-04-05,Specialty Cabinetry,Website,18823.94,Closed Lost,2025-04-09,2025-04-18,
ORD-0000797,CUST-000545,2025-04-17,Commercial Space,Trade Show,100575.29,Negotiation,2025-04-22,,
ORD-0000798,CUST-000546,2025-04-14,Commercial Space,Referral,126866.25,Proposal,2025-04-17,,
ORD-0000799,CUST-000547,2025-04-02,Full Home Transformation,Trade Show,122000.47,Closed Lost,2025-04-12,2025-04-17,
ORD-0000800,CUST-000548,2025-04-26,Full Home Transformation,Showroom Visit,217776.47,Proposal,2025-04-30,,
ORD-0000801,CUST-000098,2025-04-15,Commercial Space,Online Ad,139637.89,Closed Won,2025-04-21,2025-05-01,Chair ask marriage.
ORD-0000802,CUST-000549,2025-04-07,Custom Kitchen,Website,58588.96,Closed Won,2025-04-14,2025-04-22,Speak gun allow forward security board fast.
ORD-0000803,CUST-000550,2025-04-23,Commercial Space,Website,68677.34,Lead,,,
ORD-0000804,CUST-000140,2025-04-16,Specialty Cabinetry,Website,13648.42,Proposal,2025-04-25,,
ORD-0000805,CUST-000551,2025-04-19,Custom Kitchen,Trade Show,65666.21,Proposal,2025-04-30,,
ORD-0000806,CUST-000552,2025-04-22,Custom Kitchen,Referral,71196.87,Proposal,2025-04-29,,
ORD-0000807,CUST-000553,2025-04-28,Specialty Cabinetry,Trade Show,21163.89,Lead,,,
ORD-0000808,CUST-000554,2025-04-18,Specialty Cabinetry,Online Ad,13427.62,Closed Lost,2025-04-21,2025-05-01,
ORD-0000809,CUST-000555,2025-04-06,Commercial Space,Website,68221.75,Closed Won,2025-04-10,2025-04-21,
ORD-0000810,CUST-000215,2025-04-11,Commercial Space,Online Ad,44707.97,Proposal,2025-04-25,,
ORD-0000811,CUST-000556,2025-04-23,Specialty Cabinetry,Trade Show,18837.98,Negotiation,2025-04-25,,
ORD-0000812,CUST-000267,2025-04-02,Commercial Space,Website,88467.58,Closed Won,2025-04-10,2025-04-19,
ORD-0000813,CUST-000557,2025-04-22,Commercial Space,Referral,58992.57,Proposal,2025-05-01,,
ORD-0000814,CUST-000558,2025-04-28,Full Home Transformation,Referral,115452.35,Proposal,2025-04-30,,
ORD-0000815,CUST-000559,2025-04-01,Specialty Cabinetry,Referral,26213.14,Closed Won,2025-04-11,2025-04-30,
ORD-0000816,CUST-000560,2025-04-22,Commercial Space,Online Ad,25674.72,Lead,,,
ORD-0000817,CUST-000561,2025-04-24,Commercial Space,Showroom Visit,23346.78,Negotiation,2025-04-26,,
ORD-0000818,CUST-000562,2025-04-14,Custom Kitchen,Referral,61871.77,Proposal,2025-04-21,,
ORD-0000819,CUST-000496,2025-04-29,Custom Kitchen,Website,52288.34,Lead,,,
ORD-0000820,CUST-000563,2025-04-05,Custom Kitchen,Online Ad,44808.08,Closed Won,2025-04-09,2025-04-27,
ORD-0000821,CUST-000564,2025-04-21,Commercial Space,Referral,71715.19,Proposal,2025-04-28,,
ORD-0000822,CUST-000565,2025-04-19,Custom Kitchen,Website,51977.03,Proposal,2025-04-25,,
ORD-0000823,CUST-000127,2025-04-16,Full Home Transformation,Online Ad,191653.49,Proposal,2025-04-28,,
ORD-0000824,CUST-000139,2025-04-16,Full Home Transformation,Referral,233999.43,Negotiation,2025-04-20,,
ORD-0000825,CUST-000566,2025-04-18,Custom Kitchen,Showroom Visit,45716.92,Proposal,2025-04-26,,Raise direction husband market still.
ORD-0000826,CUST-000567,2025-04-20,Commercial Space,Trade Show,27096.97,Negotiation,2025-04-25,,
ORD-0000827,CUST-000568,2025-04-29,Custom Kitchen,Online Ad,49073.39,Lead,,,
ORD-0000828,CUST-000412,2025-04-02,Custom Kitchen,Referral,45344.98,Closed Won,2025-04-05,2025-04-18,
ORD-0000829,CUST-000569,2025-04-08,Custom Kitchen,Website,79540.25,Closed Won,2025-04-14,2025-04-24,
ORD-0000830,CUST-000570,2025-04-13,Specialty Cabinetry,Referral,5796.44,Proposal,2025-04-27,,
ORD-0000831,CUST-000402,2025-04-19,Specialty Cabinetry,Showroom Visit,9090.45,Proposal,2025-04-22,,
ORD-0000832,CUST-000571,2025-04-28,Custom Kitchen,Website,44333.08,Lead,,,Bring product owner beautiful.
ORD-0000833,CUST-000572,2025-04-22,Commercial Space,Showroom Visit,111944.95,Proposal,2025-04-26,,
ORD-0000834,CUST-000573,2025-04-29,Custom Kitchen,Referral,27686.34,Lead,,,
ORD-0000835,CUST-000241,2025-04-21,Commercial Space,Trade Show,104039.43,Proposal,2025-04-25,,
ORD-0000836,CUST-000113,2025-04-24,Custom Kitchen,Website,69141.89,Proposal,2025-04-26,,
ORD-0000837,CUST-000574,2025-04-26,Specialty Cabinetry,Referral,9836.06,Proposal,2025-04-29,,
